reference,species,organism,limit.type,limit,hybrid.zone,test,study.design,parameter.design,parameter,include,include.N.explanation,i.I,i.E,i.B,e.I,e.E,e.B,response,i.BI,i.EI,i.BE,e.BI,e.IE,e.BE,LTF,best.parameter,Amelioration
Arrontes 1993 MarEcolProgSer,Fucus.serratus,Plant,G,east,n,1,ie.IEB,i.IEB,Ov,1,NA,26.06666667,15.8,20.4,21,20.01333333,NA,S*R,-0.243902439,-0.49044586,0.254143646,NA,0.048114434,NA,0,1,B
Arrontes 1993 MarEcolProgSer,Fucus.serratus,Plant,G,east,n,1,ie.IEB,i.IEB,G,0,used to average across G measurements,32.5,35.5,27,28,29,NA,change in mean plant size (cm) (Fig 8),-0.18487395,0.088235294,-0.272,NA,-0.035087719,NA,NA,0,NA
Arrontes 1993 MarEcolProgSer,Fucus.serratus,Plant,G,east,n,1,ie.IEB,i.IEB,G,0,used to average across G measurements,39,54,79,54,43,NA,change in mean #tips/plant over 4 mo (Fig 9),0.677966102,0.322580645,0.37593985,NA,0.226804124,NA,NA,0,NA
Arrontes 1993 MarEcolProgSer,Fucus.serratus,Plant,G,east,n,1,ie.IEB,i.IEB,G,1,ave of 2 G measurements,NA,NA,NA,NA,NA,NA,ave of 2 G parameters,0.246546076,0.20540797,0.051969925,NA,0.095858202,NA,NA,0,NA
Arrontes 1993 MarEcolProgSer,Fucus.serratus,Plant,G,east,n,1,ie.IEB,i.IEB,R,1,NA,34,30,68,45,38,NA,Mean # recepticles per plant (all started with zero so this = the change in recepticles),0.666666667,-0.125,0.775510204,NA,0.168674699,NA,NA,0,NA
Arrontes 1993 MarEcolProgSer,Fucus.serratus,Plant,G,east,n,1,ie.IEB,i.IEB,S,1,NA,0.766666667,0.526666667,0.3,0.466666667,0.526666667,NA,mean proportion surviving of 15 plants/site after 19 months (Fig 7),-0.875,-0.371134021,-0.548387097,NA,-0.120805369,NA,NA,0,NA
Angert&Schemske 2005 Evolution,Mimulus.cardinalis,Plant,E,high,n,3,ie.IEB,i.IEB,Ov,1,NA,12.3,4.6,0.05,NA,NA,NA,"mean flowers/seedling/yr, retaining zero's for plants that died or didn’t flower (no emergence)",-1.983805668,-0.911242604,-1.956989247,NA,NA,NA,0,1,BA
Angert&Schemske 2005 Evolution,Mimulus.cardinalis,Plant,E,high,n,3,ie.IEB,i.IEB,G,1,NA,63.5,26.7,8.1,NA,NA,NA,mean annual stem length growth (cm/yr),-1.547486034,-0.815964523,-1.068965517,NA,NA,NA,NA,0,NA
Angert&Schemske 2005 Evolution,Mimulus.cardinalis,Plant,E,high,n,3,ie.IEB,i.EB,S,1,NA,NA,0.7,0.225,NA,NA,NA,proportion surviving,NA,NA,-1.027027027,NA,NA,NA,NA,0,NA
Angert&Schemske 2005 Evolution,Mimulus.lewisii,Plant,E,low,n,4,ie.IEB,i.IE,G,0,no B data for this parameter,26.6,16.4,NA,NA,NA,NA,mean annual stem length growth (cm/yr),NA,-0.474418605,NA,NA,NA,NA,NA,0,NA
Angert&Schemske 2005 Evolution,Mimulus.lewisii,Plant,E,low,n,4,ie.IEB,i.IEB,Ov,1,NA,0.4,0.1,0,NA,NA,NA,"mean flowers/seedling/yr, retaining zero's for plants that died or didn’t flower (no emergence)",-2,-1.2,-2,NA,NA,NA,0,1,BA
Angert&Schemske 2005 Evolution,Mimulus.lewisii,Plant,E,low,n,4,ie.IEB,i.IEB,S,1,NA,0.9,0.24,0.02,NA,NA,NA,proportion surviving,-1.913043478,-1.157894737,-1.692307692,NA,NA,NA,NA,0,NA
Barton 1993 EcolMonograph,Pinus.leiophylla,Plant,E,high,n,5,i.IB,i.IB,Em,1,NA,0.1,NA,0.016666667,NA,NA,NA,"mean emergence of 30 seeds planted (Fig 10, CT plots)",-1.428571429,NA,NA,NA,NA,NA,NA,0,NA
Barton 1993 EcolMonograph,Pinus.leiophylla,Plant,E,high,n,5,i.IB,i.IB,Ov,1,NA,4.8,NA,0.4,NA,NA,NA,Em*S,-1.692307692,NA,NA,NA,NA,NA,0,1,N
Barton 1993 EcolMonograph,Pinus.leiophylla,Plant,E,high,n,5,i.IB,i.IB,S,1,NA,0.48,NA,0.24,NA,NA,NA,"prop seedling survival after 2 months (Fig 11, p385)",-0.666666667,NA,NA,NA,NA,NA,NA,0,NA
Barton 1993 EcolMonograph,Pinus.leiophylla,Plant,E,low,n,6,i.IB,i.IB,Em,1,NA,0.1,NA,0.03,NA,NA,NA,"mean emergence of 30 seeds planted (Fig 10, CT plots)",-1.076923077,NA,NA,NA,NA,NA,NA,0,NA
Barton 1993 EcolMonograph,Pinus.leiophylla,Plant,E,low,n,6,i.IB,i.IB,Ov,1,NA,4.8,NA,0.6,NA,NA,NA,Em*S,-1.555555556,NA,NA,NA,NA,NA,0,1,N
Barton 1993 EcolMonograph,Pinus.leiophylla,Plant,E,low,n,6,i.IB,i.IB,S,1,NA,0.48,NA,0.2,NA,NA,NA,"prop seedling survival after 2 months (Fig 11, p385)",-0.823529412,NA,NA,NA,NA,NA,NA,0,NA
Barton 1993 EcolMonograph,Pinus.discolor,Plant,E,high,n,7,i.IB,i.IB,Em,1,NA,0.113333333,NA,0.266666667,NA,NA,NA,"mean emergence of 30 seeds planted (Fig 10, CT plots)",0.807017544,NA,NA,NA,NA,NA,NA,0,NA
Barton 1993 EcolMonograph,Pinus.discolor,Plant,E,high,n,7,i.IB,i.IB,Ov,1,NA,9.52,NA,24.8,NA,NA,NA,Em*S,0.89044289,NA,NA,NA,NA,NA,0,1,N
Barton 1993 EcolMonograph,Pinus.discolor,Plant,E,high,n,7,i.IB,i.IB,S,1,NA,0.84,NA,0.93,NA,NA,NA,"prop seedling survival after 2 months (Fig 11, p385)",0.101694915,NA,NA,NA,NA,NA,NA,0,NA
Barton 1993 EcolMonograph,Pinus.discolor,Plant,E,low,n,8,i.IB,i.IB,Em,1,NA,0.113333333,NA,0.023333333,NA,NA,NA,"mean emergence of 30 seeds planted (Fig 10, CT plots)",-1.317073171,NA,NA,NA,NA,NA,NA,0,NA
Barton 1993 EcolMonograph,Pinus.discolor,Plant,E,low,n,8,i.IB,i.IB,Ov,1,NA,9.52,NA,1.306666667,NA,NA,NA,Em*S,-1.517241379,NA,NA,NA,NA,NA,0,1,N
Barton 1993 EcolMonograph,Pinus.discolor,Plant,E,low,n,8,i.IB,i.IB,S,1,NA,0.84,NA,0.56,NA,NA,NA,"prop seedling survival after 2 months (Fig 11, p385)",-0.4,NA,NA,NA,NA,NA,NA,0,NA
Barton 1993 EcolMonograph,Pinus.engelmannii,Plant,E,high,n,9,i.IB,i.IB,Em,1,NA,0.123333333,NA,0.053333333,NA,NA,NA,"mean emergence of 30 seeds planted (Fig 10, CT plots)",-0.79245283,NA,NA,NA,NA,NA,NA,0,NA
Barton 1993 EcolMonograph,Pinus.engelmannii,Plant,E,high,n,9,i.IB,i.IB,Ov,1,NA,6.536666667,NA,0.96,NA,NA,NA,Em*S,-1.487772343,NA,NA,NA,NA,NA,0,1,N
Barton 1993 EcolMonograph,Pinus.engelmannii,Plant,E,high,n,9,i.IB,i.IB,S,1,NA,0.53,NA,0.18,NA,NA,NA,"prop seedling survival after 2 months (Fig 11, p385)",-0.985915493,NA,NA,NA,NA,NA,NA,0,NA
Barton 1993 EcolMonograph,Pinus.engelmannii,Plant,E,low,n,10,i.IB,i.IB,Em,1,NA,0.123333333,NA,0.05,NA,NA,NA,"mean emergence of 30 seeds planted (Fig 10, CT plots)",-0.846153846,NA,NA,NA,NA,NA,NA,0,NA
Barton 1993 EcolMonograph,Pinus.engelmannii,Plant,E,low,n,10,i.IB,i.IB,Ov,1,NA,6.536666667,NA,1.65,NA,NA,NA,Em*S,-1.193811075,NA,NA,NA,NA,NA,0,1,N
Barton 1993 EcolMonograph,Pinus.engelmannii,Plant,E,low,n,10,i.IB,i.IB,S,1,NA,0.53,NA,0.33,NA,NA,NA,"prop seedling survival after 2 months (Fig 11, p385)",-0.465116279,NA,NA,NA,NA,NA,NA,0,NA
Bruelheide&Heinemeyer 2002 Flora,Digitalis.purpurea,Plant,E,high,n,11,i.IEB,i.IEB,Em,1,NA,0.5,0.47,0.44,NA,NA,NA,"prop of 200 seeds per site (Fig 4 combines Em & S - take Em as the % survival on the 1st visit date, ie ~Nov 11)",-0.127659574,-0.06185567,-0.065934066,NA,NA,NA,NA,0,NA
Bruelheide&Heinemeyer 2002 Flora,Digitalis.purpurea,Plant,E,high,n,11,i.IEB,i.IEB,G,1,NA,9.8,9.4,3.3,NA,NA,NA,green leaves/plant (all started about the same),-0.992366412,-0.041666667,-0.960629921,NA,NA,NA,NA,0,NA
Bruelheide&Heinemeyer 2002 Flora,Digitalis.purpurea,Plant,E,high,n,11,i.IEB,i.IEB,Ov,1,NA,325,94,0,NA,NA,NA,Em*S,-2,-1.102625298,-2,NA,NA,NA,0,1,BA
Bruelheide&Heinemeyer 2002 Flora,Digitalis.purpurea,Plant,E,high,n,11,i.IEB,i.IEB,S,1,NA,0.065,0.02,0,NA,NA,NA,prop survival of original 200 seeds (= of seeds that germinated b/c only site with different germination (A4) had 0% survival anyway),-2,-1.058823529,-2,NA,NA,NA,NA,0,NA
Bruelheide&Lieberum 2001 Flora,Meum.athamanticum,Plant,E,low,n,12,i.IB,i.IB,G,0,used to average G across life stages,1.6,NA,4,NA,NA,NA,leaves per 1yrold plant w competition (presumably a mean but doesn’t say and there are no error bars),0.857142857,NA,NA,NA,NA,NA,NA,0,NA
Bruelheide&Lieberum 2001 Flora,Meum.athamanticum,Plant,E,low,n,12,i.IB,i.IB,G,0,used to average G across life stages,2.2,NA,6.5,NA,NA,NA,"leaves per seedling, no competition (presumably a mean but doesn’t say and there are no error bars)",0.988505747,NA,NA,NA,NA,NA,NA,0,NA
Bruelheide&Lieberum 2001 Flora,Meum.athamanticum,Plant,E,low,n,12,i.IB,i.IB,G,1,ave G across 2 life stages,NA,NA,NA,NA,NA,NA,ave of 2 G parameters,0.922824302,NA,NA,NA,NA,NA,NA,1,BA
Bruelheide&Lieberum 2001 Flora,Meum.athamanticum,Plant,E,low,n,12,i.IB,i.IB,S,1,NA,0,NA,1,NA,NA,NA,"""prop"" survivorship via %cover (categorical) in single sod clump between yr 1 and yr 7",2,NA,NA,NA,NA,NA,NA,0,NA
Bruelheide&Lieberum 2001 Flora,Meum.athamanticum,Plant,E,high,n,13,i.IB,i.IB,G,0,used to average G across life stages,1.6,NA,2.7,NA,NA,NA,leaves per 1yrold plant w competition (presumably a mean but doesn’t say and there are no error bars),0.511627907,NA,NA,NA,NA,NA,NA,0,NA
Bruelheide&Lieberum 2001 Flora,Meum.athamanticum,Plant,E,high,n,13,i.IB,i.IB,G,0,used to average G across life stages,2.2,NA,4.7,NA,NA,NA,"leaves per seedling, no competition (presumably a mean but doesn’t say and there are no error bars)",0.724637681,NA,NA,NA,NA,NA,NA,0,NA
Bruelheide&Lieberum 2001 Flora,Meum.athamanticum,Plant,E,high,n,13,i.IB,i.IB,G,1,ave G across 2 life stages,NA,NA,NA,NA,NA,NA,ave of 2 G parameters,0.618132794,NA,NA,NA,NA,NA,NA,1,BA
Bruelheide&Scheidel 1999 JEcol,Arnica.montana,Plant,E,low,n,14,i.IB,i.IB,G,1,NA,63,NA,88,NA,NA,NA,"mean leaf area per uncaged plant (Fig 5, site @385m, site @180m)",0.331125828,NA,NA,NA,NA,NA,NA,1,BA
Bruelheide 2003 ApplVegSci,Arnica.montana,Plant,E,low,n,14,i.IB,i.IB,S,1,NA,0,NA,1,NA,NA,NA,"""prop"" survivorship via %cover (categorical) in single sod clump between yr 1 and yr 7",2,NA,NA,NA,NA,NA,NA,0,NA
Bruelheide 2003 ApplVegSci,Poa.chaixii,Plant,E,low,n,15,i.IB,i.IB,G,1,NA,1,NA,1,NA,NA,NA,"change in %cover (categorical) in single sod clump between yr 1 and yr 7. code as 1=increase, 0=no change, -1 = decrease.  W=<1% to 3-5% (an increase), B=1-3% to 3-5% (authors call this no change)",0,NA,NA,NA,NA,NA,NA,1,N
Bruelheide 2003 ApplVegSci,Hypericum.maculatum,Plant,E,low,n,16,i.IB,i.IB,G,1,NA,-1,NA,-1,NA,NA,NA,"change in %cover (categorical) in single sod clump between yr 1 and yr 7. code as 1=increase, 0=no change, -1 = decrease. W=3-5% to 2 plants (decreasing until extinct, according to authors), B=1-3% to <1%",0,NA,NA,NA,NA,NA,NA,1,N
Campbell&Waser 2007 AmNat,Ipomopsis.aggregata,Plant,E,high,y,17,i.IEB,i.IEB,Ov,0,used to average across Ov fitness measurements,1.56,1.03,0.05,NA,NA,NA,seeds produced per seed planted,-1.875776398,-0.409266409,-1.814814815,NA,NA,NA,1,0,NA
Campbell&Waser 2007 AmNat,Ipomopsis.aggregata,Plant,E,high,y,17,i.IEB,i.IEB,Ov,0,used to average across Ov fitness measurements,0.7,0.5,0,NA,NA,NA,lambda,-2,-0.333333333,-2,NA,NA,NA,1,0,NA
Campbell&Waser 2007 AmNat,Ipomopsis.aggregata,Plant,E,high,y,17,i.IEB,i.IEB,Ov,1,ave of two Ov measurements,NA,NA,NA,NA,NA,NA,ave of 2 Ov parameters,-1.937888199,-0.371299871,-1.907407407,NA,NA,NA,1,1,N
Campbell&Waser 2007 AmNat,Ipomopsis.aggregata,Plant,E,high,y,17,i.IEB,i.IEB,R,1,NA,118,163.2,18,NA,NA,NA,seeds/reproductive plant,-1.470588235,0.321479374,-1.602649007,NA,NA,NA,NA,0,NA
Campbell&Waser 2007 AmNat,Ipomopsis.aggregata,Plant,E,high,y,17,i.IEB,i.IEB,S,1,NA,0.0302,0.0277,0.0034,NA,NA,NA,prop survival to reproduction from seed (ie includes germination),-1.595238095,-0.086355786,-1.562700965,NA,NA,NA,NA,0,NA
Campbell&Waser 2007 AmNat,Ipomopsis.tenuituba,Plant,E,low,y,18,i.IEB,i.IEB,Ov,0,used to average across Ov fitness measurements,0.65,4.91,0,NA,NA,NA,seeds produced per seed planted,-2,1.532374101,-2,NA,NA,NA,1,0,NA
Campbell&Waser 2007 AmNat,Ipomopsis.tenuituba,Plant,E,low,y,18,i.IEB,i.IEB,Ov,0,used to average across Ov fitness measurements,0.4,1.3,0,NA,NA,NA,lambda,-2,1.058823529,-2,NA,NA,NA,1,0,NA
Campbell&Waser 2007 AmNat,Ipomopsis.tenuituba,Plant,E,low,y,18,i.IEB,i.IEB,Ov,1,ave of two Ov measurements,NA,NA,NA,NA,NA,NA,ave of 2 Ov parameters,-2,1.295598815,-2,NA,NA,NA,1,1,N
Campbell&Waser 2007 AmNat,Ipomopsis.tenuituba,Plant,E,low,y,18,i.IEB,i.IEB,R,1,NA,40.5,129.2,0,NA,NA,NA,seeds/reproductive plant,-2,1.04537419,-2,NA,NA,NA,NA,0,NA
Campbell&Waser 2007 AmNat,Ipomopsis.tenuituba,Plant,E,low,y,18,i.IEB,i.IEB,S,1,NA,0.0291,0.0778,0.0088,NA,NA,NA,prop survival to reproduction from seed (ie includes germination),-1.071240106,0.911131899,-1.593533487,NA,NA,NA,NA,0,NA
Cleavitt 2004 PlantEcol,Mnium.spinulosum,Plant,E,high,n,19,i.IB,i.IB,Ov,1,NA,0.297375,NA,0.5032,NA,NA,NA,S*R,0.514192924,NA,NA,NA,NA,NA,0,1,N
Cleavitt 2004 PlantEcol,Mnium.spinulosum,Plant,E,high,n,19,i.IB,i.IB,R,1,NA,0.4875,NA,0.68,NA,NA,NA,prop fragments that sprouted,0.329764454,NA,NA,NA,NA,NA,NA,0,NA
Cleavitt 2004 PlantEcol,Mnium.spinulosum,Plant,E,high,n,19,i.IB,i.IB,S,1,NA,0.61,NA,0.74,NA,NA,NA,proportion fragment establishment for 4 experiments considering different years and planting times (Fig 3),0.192592593,NA,NA,NA,NA,NA,NA,0,NA
Cleavitt 2004 PlantEcol,Mnium.arizonicum,Plant,E,low,n,20,i.IB,i.IB,Ov,1,NA,0.249375,NA,0.1982125,NA,NA,NA,S*R,-0.228614517,NA,NA,NA,NA,NA,0,1,N
Cleavitt 2004 PlantEcol,Mnium.arizonicum,Plant,E,low,n,20,i.IB,i.IB,R,1,NA,0.475,NA,0.3925,NA,NA,NA,prop fragments that sprouted,-0.190201729,NA,NA,NA,NA,NA,NA,0,NA
Cleavitt 2004 PlantEcol,Mnium.arizonicum,Plant,E,low,n,20,i.IB,i.IB,S,1,NA,0.525,NA,0.505,NA,NA,NA,proportion fragment establishment for 4 experiments considering different years and planting times (Fig3),-0.038834951,NA,NA,NA,NA,NA,NA,0,NA
Davison 1977 Jecol,Hordeum.murinum,Plant,E,high,n,21,i.IB,i.IB,G,1,NA,51,NA,7.45,NA,NA,NA,mean dry weight per plant,-1.490162532,NA,NA,NA,NA,NA,NA,0,NA
Davison 1977 Jecol,Hordeum.murinum,Plant,E,high,n,21,i.IB,i.IB,R,1,NA,728,NA,226.5,NA,NA,NA,mean fruits/plant,-1.050811943,NA,NA,NA,NA,NA,NA,1,B
Geber&Eckhart 2005 Evolution,Clarkia.xantiana.ssp.xantiana,Plant,E,high,n,24,ie.IEB,ie.IEB,Em,0,used to average across years,0.51,0.52,0.1,0.58,0.54,0.17,germination proportion,-1.344262295,0.019417476,-1.35483871,-1.093333333,0.071428571,-1.042253521,NA,0,NA
Geber&Eckhart 2005 Evolution,Clarkia.xantiana.ssp.xantiana,Plant,E,high,n,24,ie.IEB,ie.IEB,Em,0,used to average across years,0.1,0.04,0.02,0.11,0.05,0.04,germination proportion,-1.333333333,-0.857142857,-0.666666667,-0.933333333,0.75,-0.222222222,NA,0,NA
Geber&Eckhart 2005 Evolution,Clarkia.xantiana.ssp.xantiana,Plant,E,high,n,24,ie.IEB,ie.IEB,Em,1,ave across years,0.305,0.28,0.06,0.345,0.295,0.105,ave proportion Em across 2 yr,-1.338797814,-0.418862691,-1.010752688,-1.013333333,0.410714286,-0.632237872,NA,0,NA
Geber&Eckhart 2005 Evolution,Clarkia.xantiana.ssp.xantiana,Plant,E,high,n,24,ie.IEB,ie.IEB,Ov,0,used to average across years,1.04,2.5,0.13,5,3,0.15,lifetime fitness (seeds produced per seed planted),-1.555555556,0.824858757,-1.802281369,-1.883495146,0.5,-1.80952381,1,0,NA
Geber&Eckhart 2005 Evolution,Clarkia.xantiana.ssp.xantiana,Plant,E,high,n,24,ie.IEB,ie.IEB,Ov,0,used to average across years,0.005,0.07,0.05,0.035,0.02,0.025,lifetime fitness,1.636363636,1.733333333,-0.333333333,-0.333333333,0.545454545,0.222222222,1,0,NA
Geber&Eckhart 2005 Evolution,Clarkia.xantiana.ssp.xantiana,Plant,E,high,n,24,ie.IEB,ie.IEB,Ov,1,ave across years,NA,NA,NA,NA,NA,NA,ave LTF (seed produced per seed planted) across 2 yr,0.04040404,1.279096045,-1.067807351,-1.108414239,0.522727273,-0.793650794,1,1,N
Geber&Eckhart 2005 Evolution,Clarkia.xantiana.ssp.xantiana,Plant,E,high,n,24,ie.IEB,ie.IEB,R,0,used to calculate Ro,2.3,1.2,2,4.4,1.5,2,ave R (flowers/plant) across years,-0.139534884,-0.628571429,0.5,-0.75,0.983050847,0.285714286,NA,0,NA
Geber&Eckhart 2005 Evolution,Clarkia.xantiana.ssp.xantiana,Plant,E,high,n,24,ie.IEB,ie.IEB,R,0,used to calculate Ro,0.48,0.52,0.08,0.55,0.54,0.05,ave R (fruit set) across years,-1.428571429,0.08,-1.466666667,-1.666666667,0.018348624,-1.661016949,NA,0,NA
Geber&Eckhart 2005 Evolution,Clarkia.xantiana.ssp.xantiana,Plant,E,high,n,24,ie.IEB,ie.IEB,R,0,used to calculate Ro,20,10,12,12,8,11,"seed set, averaged across years",-0.5,-0.666666667,0.181818182,-0.086956522,0.4,0.315789474,NA,0,NA
Geber&Eckhart 2005 Evolution,Clarkia.xantiana.ssp.xantiana,Plant,E,high,n,24,ie.IEB,ie.IEB,R,1,multiplied,22.08,6.24,1.92,29.04,6.48,1.1,ave seed/flwr (flwr/plant * fruit set * seed set) across 2 yr,-1.68,-1.118644068,-1.058823529,-1.854014599,1.27027027,-1.419525066,NA,0,NA
Geber&Eckhart 2005 Evolution,Clarkia.xantiana.ssp.xantiana,Plant,E,high,n,24,ie.IEB,ie.IEB,S,0,used to average across years,0.28,0.37,0.44,0.39,0.45,0.41,proportion; really does increase out of range for central plants,0.444444444,0.276923077,0.172839506,0.05,-0.142857143,-0.093023256,NA,0,NA
Geber&Eckhart 2005 Evolution,Clarkia.xantiana.ssp.xantiana,Plant,E,high,n,24,ie.IEB,ie.IEB,S,0,used to average across years,0,0.17,0.15,0.03,0.14,0.12,proportion survival,2,2,-0.125,1.2,-1.294117647,-0.153846154,NA,0,NA
Geber&Eckhart 2005 Evolution,Clarkia.xantiana.ssp.xantiana,Plant,E,high,n,24,ie.IEB,ie.IEB,S,1,ave across years,NA,NA,NA,NA,NA,NA,ave S across 2 yr,1.222222222,1.138461538,0.023919753,0.625,-0.718487395,-0.123434705,1,0,NA
Geber&Eckhart 2005 Evolution,Clarkia.xantiana.ssp.parviflora,Plant,E,low,n,25,ie.IEB,ie.IEB,Em,0,used to average across years,0.11,0.46,0.5,0.07,0.47,0.47,germination proportion,1.278688525,1.228070175,0.083333333,1.481481481,-1.481481481,0,NA,0,NA
Geber&Eckhart 2005 Evolution,Clarkia.xantiana.ssp.parviflora,Plant,E,low,n,25,ie.IEB,ie.IEB,Em,0,used to average across years,0.02,0.08,0.13,0.01,0.05,0.1,germination proportion,1.466666667,1.2,0.476190476,1.636363636,-1.333333333,0.666666667,NA,0,NA
Geber&Eckhart 2005 Evolution,Clarkia.xantiana.ssp.parviflora,Plant,E,low,n,25,ie.IEB,ie.IEB,Em,1,ave across years,0.065,0.27,0.315,0.04,0.26,0.285,ave proportion Em across 2 yr,1.372677596,1.214035088,0.279761905,1.558922559,-1.407407407,0.333333333,NA,0,NA
Geber&Eckhart 2005 Evolution,Clarkia.xantiana.ssp.parviflora,Plant,E,low,n,25,ie.IEB,ie.IEB,Ov,0,used to average across years,3,5,0.5,2,4,0.25,lifetime fitness,-1.428571429,0.5,-1.636363636,-1.555555556,-0.666666667,-1.764705882,1,0,NA
Geber&Eckhart 2005 Evolution,Clarkia.xantiana.ssp.parviflora,Plant,E,low,n,25,ie.IEB,ie.IEB,Ov,0,used to average across years,0.1,0.3,0.05,0.08,0.13,0.004,lifetime fitness,-0.666666667,1,-1.428571429,-1.80952381,-0.476190476,-1.880597015,1,0,NA
Geber&Eckhart 2005 Evolution,Clarkia.xantiana.ssp.parviflora,Plant,E,low,n,25,ie.IEB,ie.IEB,Ov,1,ave across years,NA,NA,NA,NA,NA,NA,ave LTF (seed produced per seed planted) across 2 yr,-1.047619048,0.75,-1.532467532,-1.682539683,-0.571428571,-1.822651449,1,1,N
Geber&Eckhart 2005 Evolution,Clarkia.xantiana.ssp.parviflora,Plant,E,low,n,25,ie.IEB,ie.IEB,R,0,used to calculate Ro,1.6,1,1.4,2,1.2,1.4,ave R (flowers/plant) across years,-0.133333333,-0.461538462,0.333333333,-0.352941176,0.5,0.153846154,NA,0,NA
Geber&Eckhart 2005 Evolution,Clarkia.xantiana.ssp.parviflora,Plant,E,low,n,25,ie.IEB,ie.IEB,R,0,used to calculate Ro,0.62,0.78,0.43,0.65,0.85,0.8,ave R (fruit set) across years,-0.361904762,0.228571429,-0.578512397,0.206896552,-0.266666667,-0.060606061,NA,0,NA
Geber&Eckhart 2005 Evolution,Clarkia.xantiana.ssp.parviflora,Plant,E,low,n,25,ie.IEB,ie.IEB,R,0,used to calculate Ro,28,12,27.5,36,19,42,"seed set, averaged across years",-0.018018018,-0.8,0.784810127,0.153846154,0.618181818,0.754098361,NA,0,NA
Geber&Eckhart 2005 Evolution,Clarkia.xantiana.ssp.parviflora,Plant,E,low,n,25,ie.IEB,ie.IEB,R,1,multiplied,27.776,9.36,16.555,46.8,19.38,47.04,ave seed/flwr (flwr/plant * fruit set * seed set) across 2 yr,-0.50623717,-0.991813873,0.555276867,0.00511509,0.828649139,0.832881662,NA,0,NA
Geber&Eckhart 2005 Evolution,Clarkia.xantiana.ssp.parviflora,Plant,E,low,n,25,ie.IEB,ie.IEB,S,0,used to average across years,0.62,0.5,0.1,0.57,0.52,0.1,proportion survival,-1.444444444,-0.214285714,-1.333333333,-1.402985075,0.091743119,-1.35483871,NA,0,NA
Geber&Eckhart 2005 Evolution,Clarkia.xantiana.ssp.parviflora,Plant,E,low,n,25,ie.IEB,ie.IEB,S,0,used to average across years,0.35,0.25,0.1,0,0.17,0.24,proportion survival,-1.111111111,-0.333333333,-0.857142857,2,-2,0.341463415,NA,0,NA
Geber&Eckhart 2005 Evolution,Clarkia.xantiana.ssp.parviflora,Plant,E,low,n,25,ie.IEB,ie.IEB,S,1,ave across years,NA,NA,NA,NA,NA,NA,ave S across 2 yr,-1.277777778,-0.273809524,-1.095238095,0.298507463,-0.95412844,-0.506687648,1,0,NA
Gunatilleke etal 1998 JTropicalEcol,Shorea.affinis,Plant,E,high,n,27,i.IB,i.IB,G,1,NA,6.25,NA,1,NA,NA,NA,total dry mass per plant,-1.448275862,NA,NA,NA,NA,NA,NA,1,BA
Gunatilleke etal 1998 JTropicalEcol,Shorea.megistophylla,Plant,E,high,n,28,i.IB,i.IB,G,1,NA,7,NA,4.5,NA,NA,NA,total dry mass per plant,-0.434782609,NA,NA,NA,NA,NA,NA,1,BA
Gunatilleke etal 1998 JTropicalEcol,Shorea.cordifolia,Plant,E,high,n,29,i.IB,i.IB,G,1,NA,5.5,NA,3,NA,NA,NA,total dry mass per plant,-0.588235294,NA,NA,NA,NA,NA,NA,1,BA
Gunatilleke etal 1998 JTropicalEcol,Shorea.cordifolia,Plant,E,low,n,30,i.IB,i.IB,G,1,NA,5.5,NA,10,NA,NA,NA,total dry mass per plant,0.580645161,NA,NA,NA,NA,NA,NA,1,BA
Gunatilleke etal 1998 JTropicalEcol,Shorea.disticha,Plant,E,high,n,31,i.IB,i.IB,G,1,NA,8,NA,6,NA,NA,NA,total dry mass per plant,-0.285714286,NA,NA,NA,NA,NA,NA,1,BA
Gunatilleke etal 1998 JTropicalEcol,Shorea.disticha,Plant,E,low,n,32,i.IB,i.IB,G,1,NA,8,NA,7,NA,NA,NA,total dry mass per plant,-0.133333333,NA,NA,NA,NA,NA,NA,1,BA
Gunatilleke etal 1998 JTropicalEcol,Shorea.worthintonii,Plant,E,high,n,33,i.IB,i.IB,G,1,NA,5.3,NA,2.6,NA,NA,NA,total dry mass per plant,-0.683544304,NA,NA,NA,NA,NA,NA,1,BA
Gunatilleke etal 1998 JTropicalEcol,Shorea.worthintonii,Plant,E,low,n,34,i.IB,i.IB,G,1,NA,5.3,NA,5.3,NA,NA,NA,total dry mass per plant,0,NA,NA,NA,NA,NA,NA,1,BA
Gunatilleke etal 1998 JTropicalEcol,Shorea.trapezifolia,Plant,E,low,n,35,i.IB,i.IB,G,1,NA,4,NA,8.5,NA,NA,NA,total dry mass per plant,0.72,NA,NA,NA,NA,NA,NA,1,BA
Gunatilleke etal 1998 JTropicalEcol,Shorea.gardneri,Plant,E,low,n,36,i.IB,i.IB,G,1,NA,3,NA,4,NA,NA,NA,total dry mass per plant,0.285714286,NA,NA,NA,NA,NA,NA,1,BA
Kimball etal 2008 JEcol,Penstemon.davidsonii,Plant,E,low,y,37,i.IEB,i.IEB,S,1,NA,0.01,0.65,0,NA,NA,NA,proportion S,-2,1.939393939,-2,NA,NA,NA,NA,1,N
Kimball etal 2008 JEcol,Penstemon.newberryi,Plant,E,high,y,38,i.IEB,i.IEB,S,1,NA,0,0.24,0,NA,NA,NA,proportion S,NA,2,-2,NA,NA,NA,NA,1,N
Latimer etal 2009 Oecologia,Protea.aurea,Plant,G,equitoral,n,39,i.IB,i.IB,G,1,NA,0.9,NA,2.2,NA,NA,NA,log(final above ground biomass),0.838709677,NA,NA,NA,NA,NA,NA,0,NA
Latimer etal 2009 Oecologia,Protea.aurea,Plant,G,equitoral,n,39,i.IB,i.IB,Ov,1,NA,0.17,NA,0.14,NA,NA,NA,"log(lambda), estimated from demographic models.  ie log(lambda)>0 = sustainable",-0.193548387,NA,NA,NA,NA,NA,1,1,N
Latimer etal 2009 Oecologia,Protea.aurea,Plant,G,equitoral,n,39,i.IB,i.IB,S,1,NA,0.82,NA,0.64,NA,NA,NA,prop S after 700+ days,-0.246575342,NA,NA,NA,NA,NA,NA,0,NA
Latimer etal 2009 Oecologia,Protea.aurea,Plant,G,east,n,40,i.IB,i.IB,G,1,NA,0.9,NA,1.1,NA,NA,NA,log(final above ground biomass),0.2,NA,NA,NA,NA,NA,NA,0,NA
Latimer etal 2009 Oecologia,Protea.aurea,Plant,G,east,n,40,i.IB,i.IB,Ov,1,NA,0.17,NA,0.075,NA,NA,NA,"log(lambda), estimated from demographic models",-0.775510204,NA,NA,NA,NA,NA,1,1,N
Latimer etal 2009 Oecologia,Protea.aurea,Plant,G,east,n,40,i.IB,i.IB,S,1,NA,0.82,NA,0.32,NA,NA,NA,prop S after 700+ days,-0.877192982,NA,NA,NA,NA,NA,NA,0,NA
Latimer etal 2009 Oecologia,Protea.aurea,Plant,E,low,n,41,i.IB,i.IB,G,1,NA,0.9,NA,1.6,NA,NA,NA,log(final above ground biomass),0.56,NA,NA,NA,NA,NA,NA,0,NA
Latimer etal 2009 Oecologia,Protea.aurea,Plant,E,low,n,41,i.IB,i.IB,Ov,1,NA,0.17,NA,0.02,NA,NA,NA,"log(lambda), estimated from demographic models",-1.578947368,NA,NA,NA,NA,NA,1,1,N
Latimer etal 2009 Oecologia,Protea.aurea,Plant,E,low,n,41,i.IB,i.IB,S,1,NA,0.82,NA,0.18,NA,NA,NA,prop S after 700+ days,-1.28,NA,NA,NA,NA,NA,NA,0,NA
Latimer etal 2009 Oecologia,Protea.mundii,Plant,G,equitoral,n,42,i.IB,i.IB,G,1,NA,2.6,NA,1.6,NA,NA,NA,log(final above ground biomass),-0.476190476,NA,NA,NA,NA,NA,NA,0,NA
Latimer etal 2009 Oecologia,Protea.mundii,Plant,G,equitoral,n,42,i.IB,i.IB,Ov,1,NA,0.1,NA,0.077,NA,NA,NA,"log(lambda), estimated from demographic models",-0.259887006,NA,NA,NA,NA,NA,1,1,N
Latimer etal 2009 Oecologia,Protea.mundii,Plant,G,equitoral,n,42,i.IB,i.IB,S,1,NA,0.45,NA,0.51,NA,NA,NA,prop S after 700+ days,0.125,NA,NA,NA,NA,NA,NA,0,NA
Latimer etal 2009 Oecologia,Protea.mundii,Plant,G,west,n,43,i.IB,i.IB,G,1,NA,2.6,NA,1.1,NA,NA,NA,log(final above ground biomass),-0.810810811,NA,NA,NA,NA,NA,NA,0,NA
Latimer etal 2009 Oecologia,Protea.mundii,Plant,G,west,n,43,i.IB,i.IB,Ov,1,NA,0.1,NA,0.12,NA,NA,NA,"log(lambda), estimated from demographic models",0.181818182,NA,NA,NA,NA,NA,1,1,N
Latimer etal 2009 Oecologia,Protea.mundii,Plant,G,west,n,43,i.IB,i.IB,S,1,NA,0.45,NA,0.51,NA,NA,NA,prop S after 700+ days,0.125,NA,NA,NA,NA,NA,NA,0,NA
Latimer etal 2009 Oecologia,Protea.punctata,Plant,G,polar,n,44,i.IB,i.IB,G,1,NA,0.9,NA,-0.35,NA,NA,NA,log(final above ground biomass),-4.545454545,NA,NA,NA,NA,NA,NA,0,NA
Latimer etal 2009 Oecologia,Protea.punctata,Plant,G,polar,n,44,i.IB,i.IB,Ov,1,NA,0.095,NA,0.045,NA,NA,NA,"log(lambda), estimated from demographic models",-0.714285714,NA,NA,NA,NA,NA,1,1,N
Latimer etal 2009 Oecologia,Protea.punctata,Plant,G,polar,n,44,i.IB,i.IB,S,1,NA,0.51,NA,0.37,NA,NA,NA,prop S after 700+ days,-0.318181818,NA,NA,NA,NA,NA,NA,0,NA
Levin&Clay 1984 AmJBot,Phlox.drummondii.ssp.goldsmithii,Plant,G,sw,n,45,i.IEB,i.IEB,Em,1,NA,0.148,0.29,0.33,NA,NA,NA,"mean prop germination across multiple sites per area (6=I, 3=E, 5=B)",0.761506276,0.648401826,0.129032258,NA,NA,NA,NA,0,NA
Levin&Clay 1984 AmJBot,Phlox.drummondii.ssp.goldsmithii,Plant,G,sw,n,45,i.IEB,i.IEB,Ov,1,NA,5.39,6.24,0.55,NA,NA,NA,Ro: estimated seeds produced per seed planted,-1.62962963,0.146173689,-1.675994109,NA,NA,NA,1,1,N
Levin&Clay 1984 AmJBot,Phlox.drummondii.ssp.goldsmithii,Plant,G,sw,n,45,i.IEB,i.IEB,R,1,NA,17.3,9.86,3.29,NA,NA,NA,mean flower/plant (authors don't present seed set for this exp),-1.360854784,-0.547864507,-0.999239544,NA,NA,NA,NA,0,NA
Levin&Clay 1984 AmJBot,Phlox.drummondii.ssp.goldsmithii,Plant,G,sw,n,45,i.IEB,i.IEB,S,1,NA,0.75,0.79,0.39,NA,NA,NA,mean prop S to flowering,-0.631578947,0.051948052,-0.677966102,NA,NA,NA,NA,0,NA
Levin&Schmidt 1985 AmJBot,Phlox.drummondii.ssp.drummondii,Plant,G,equitoral,y,46,i.IEB,i.IEB,Em,1,NA,0.5,0.491111111,0.476666667,NA,NA,NA,mean prop germination,-0.04778157,-0.01793722,-0.029850746,NA,NA,NA,NA,0,NA
Levin&Schmidt 1985 AmJBot,Phlox.drummondii.ssp.drummondii,Plant,G,equitoral,y,46,i.IEB,i.IEB,Ov,1,NA,2.233333333,4.803333333,2.66,NA,NA,NA,finite rate of increase,0.174386921,0.730459498,-0.574363555,NA,NA,NA,1,1,N
Levin&Schmidt 1985 AmJBot,Phlox.drummondii.ssp.drummondii,Plant,G,equitoral,y,46,i.IEB,i.IEB,R,1,NA,8.496666667,18.70222222,8.8,NA,NA,NA,mean seeds/reproductive plant,0.035074195,0.750439152,-0.720103426,NA,NA,NA,NA,0,NA
Levin&Schmidt 1985 AmJBot,Phlox.drummondii.ssp.drummondii,Plant,G,equitoral,y,46,i.IEB,i.IEB,S,1,NA,0.424444444,0.368888889,0.475,NA,NA,NA,prop S to reproduction,0.112415071,-0.140056022,0.251481238,NA,NA,NA,NA,0,NA
Levin&Schmidt 1985 AmJBot,Phlox.drummondii.ssp.mcallisteri,Plant,G,polar,y,47,i.IEB,i.IEB,Em,1,NA,0.586666667,0.473333333,0.566666667,NA,NA,NA,mean prop germination,-0.034682081,-0.213836478,0.179487179,NA,NA,NA,NA,0,NA
Levin&Schmidt 1985 AmJBot,Phlox.drummondii.ssp.mcallisteri,Plant,G,polar,y,47,i.IEB,i.IEB,Ov,1,NA,1.94,3.15,2.246666667,NA,NA,NA,finite rate of increase,0.146496815,0.475442043,-0.334774552,NA,NA,NA,1,1,N
Levin&Schmidt 1985 AmJBot,Phlox.drummondii.ssp.mcallisteri,Plant,G,polar,y,47,i.IEB,i.IEB,R,1,NA,7.926666667,12.56555556,7.471111111,NA,NA,NA,mean seeds/reproductive plant,-0.059171598,0.452746299,-0.508512172,NA,NA,NA,NA,0,NA
Levin&Schmidt 1985 AmJBot,Phlox.drummondii.ssp.mcallisteri,Plant,G,polar,y,47,i.IEB,i.IEB,S,1,NA,0.425,0.368888889,0.656666667,NA,NA,NA,prop S to reproduction,0.42835131,-0.141357593,0.561213434,NA,NA,NA,NA,0,NA
Marisco&Hellmann 2009 Oikos,Lomatium.utriculatum,Plant,G,polar,n,48,i.IB,i.IB,Em,1,NA,0.54,NA,0.54,NA,NA,NA,prop germination (natural competition treatment),0,NA,NA,NA,NA,NA,NA,0,NA
Marisco&Hellmann 2009 Oikos,Lomatium.utriculatum,Plant,G,polar,n,48,i.IB,i.IB,Ov,1,NA,0.2376,NA,0.2214,NA,NA,NA,Em*S,-0.070588235,NA,NA,NA,NA,NA,0,1,N
Marisco&Hellmann 2009 Oikos,Lomatium.utriculatum,Plant,G,polar,n,48,i.IB,i.IB,S,1,NA,0.44,NA,0.41,NA,NA,NA,prop reemergence the following year (ie 1 yr after planting),-0.070588235,NA,NA,NA,NA,NA,NA,0,NA
Marisco&Hellmann 2009 Oikos,Lomatium.nudicaule,Plant,G,polar,n,49,i.IB,i.IB,Em,1,NA,0.45,NA,0.55,NA,NA,NA,prop germination (natural competition treatment),0.2,NA,NA,NA,NA,NA,NA,0,NA
Marisco&Hellmann 2009 Oikos,Lomatium.nudicaule,Plant,G,polar,n,49,i.IB,i.IB,Ov,1,NA,0.1575,NA,0.2805,NA,NA,NA,Em*S,0.561643836,NA,NA,NA,NA,NA,0,1,N
Marisco&Hellmann 2009 Oikos,Lomatium.nudicaule,Plant,G,polar,n,49,i.IB,i.IB,S,1,NA,0.35,NA,0.51,NA,NA,NA,prop reemergence the following year (ie 1 yr after planting),0.372093023,NA,NA,NA,NA,NA,NA,0,NA
Marisco&Hellmann 2009 Oikos,Lomatium.dissectum,Plant,G,polar,n,50,i.IB,i.IB,Em,1,NA,0.4,NA,0.43,NA,NA,NA,prop germination (natural competition treatment),0.072289157,NA,NA,NA,NA,NA,NA,0,NA
Marisco&Hellmann 2009 Oikos,Lomatium.dissectum,Plant,G,polar,n,50,i.IB,i.IB,Ov,1,NA,0.12,NA,0.1204,NA,NA,NA,Em*S,0.003327787,NA,NA,NA,NA,NA,0,1,N
Marisco&Hellmann 2009 Oikos,Lomatium.dissectum,Plant,G,polar,n,50,i.IB,i.IB,S,1,NA,0.3,NA,0.28,NA,NA,NA,prop reemergence the following year (ie 1 yr after planting),-0.068965517,NA,NA,NA,NA,NA,NA,0,NA
Mooney&Billings 1965 Ecology,Polygonum.bistortoides,Plant,E,low,n,51,i.IB,i.IB,G,1,NA,49.9,NA,42.45,NA,NA,NA,% alcohol-insoluble rhizone dry weight,-0.161342718,NA,NA,NA,NA,NA,NA,1,N
Mooney&Billings 1965 Ecology,Caltha.howellii,Plant,E,low,n,52,i.IB,i.IB,G,1,NA,33.5,NA,27.9,NA,NA,NA,% alcohol-insoluble root dry weight,-0.182410423,NA,NA,NA,NA,NA,NA,1,N
Mooney&Billings 1965 Ecology,Sibbaldia.procumbens,Plant,E,low,n,53,i.IB,i.IB,G,1,NA,16.29,NA,13.43,NA,NA,NA,% alcohol-insoluble root dry weight,-0.192462988,NA,NA,NA,NA,NA,NA,1,N
Nagy&Rice 1997 Evol,Gilia.capitata.ssp.capitata,Plant,G,west,y,54,i.IB,i.IB,Em,0,used to average across years,0.1,NA,0.35,NA,NA,NA,prop seeds to become seedlings,1.111111111,NA,NA,NA,NA,NA,NA,0,NA
Nagy&Rice 1997 Evol,Gilia.capitata.ssp.capitata,Plant,G,west,y,54,i.IB,i.IB,Em,0,used to average across years,0.35,NA,0.24,NA,NA,NA,prop seeds to become seedlings,-0.372881356,NA,NA,NA,NA,NA,NA,0,NA
Nagy&Rice 1997 Evol,Gilia.capitata.ssp.capitata,Plant,G,west,y,54,i.IB,i.IB,Em,1,ave across years,0.225,NA,0.295,NA,NA,NA,mean prop Em (seed to seedling) across 2 yrs,0.369114878,NA,NA,NA,NA,NA,0,0,NA
Nagy&Rice 1997 Evol,Gilia.capitata.ssp.capitata,Plant,G,west,y,54,i.IB,i.IB,G,0,used to average across years,27,NA,21,NA,NA,NA,mean length of longest leaf (mm) at 41 d during vegetative stage,-0.25,NA,NA,NA,NA,NA,NA,0,NA
Nagy&Rice 1997 Evol,Gilia.capitata.ssp.capitata,Plant,G,west,y,54,i.IB,i.IB,G,0,used to average across years,17,NA,12,NA,NA,NA,mean length of longest leaf (mm) at 83 d during rosette stage,-0.344827586,NA,NA,NA,NA,NA,NA,0,NA
Nagy&Rice 1997 Evol,Gilia.capitata.ssp.capitata,Plant,G,west,y,54,i.IB,i.IB,G,1,ave across years,NA,NA,NA,NA,NA,NA,ave of G across 2 yr,-0.297413793,NA,NA,NA,NA,NA,NA,0,NA
Nagy&Rice 1997 Evol,Gilia.capitata.ssp.capitata,Plant,G,west,y,54,i.IB,i.IB,Ov,0,used to average across years,0.34,NA,0.015,NA,NA,NA,S*R,-1.830985915,NA,NA,NA,NA,NA,0,0,NA
Nagy&Rice 1997 Evol,Gilia.capitata.ssp.capitata,Plant,G,west,y,54,i.IB,i.IB,Ov,0,used to average across years,38.29,NA,2.25,NA,NA,NA,"Ro: seeds produced per seed planted, using fruits/infl and seed/fruit data from potted plants at same sites",-1.77799704,NA,NA,NA,NA,NA,1,0,NA
Nagy&Rice 1997 Evol,Gilia.capitata.ssp.capitata,Plant,G,west,y,54,i.IB,i.IB,Ov,1,ave across years and measurements,NA,NA,NA,NA,NA,NA,"ave of 2 yr, 1 using S*R and one using Ro",-1.804491478,NA,NA,NA,NA,NA,1,1,N
Nagy&Rice 1997 Evol,Gilia.capitata.ssp.capitata,Plant,G,west,y,54,i.IB,i.IB,R,0,used to average across years,1,NA,0.5,NA,NA,NA,mean inflorescence/plant,-0.666666667,NA,NA,NA,NA,NA,NA,0,NA
Nagy&Rice 1997 Evol,Gilia.capitata.ssp.capitata,Plant,G,west,y,54,i.IB,i.IB,R,0,used to average across years,6.7,NA,2,NA,NA,NA,mean inflorescence/plant,-1.08045977,NA,NA,NA,NA,NA,NA,0,NA
Nagy&Rice 1997 Evol,Gilia.capitata.ssp.capitata,Plant,G,west,y,54,i.IB,i.IB,R,1,ave across years,NA,NA,NA,NA,NA,NA,ave R (inflorescences/plant) across 2 years,-0.873563218,NA,NA,NA,NA,NA,0,0,NA
Nagy&Rice 1997 Evol,Gilia.capitata.ssp.capitata,Plant,G,west,y,54,i.IB,i.IB,S,0,used to average across years,0.34,NA,0.03,NA,NA,NA,prop S seedling to flowering (annual therefore = survival),-1.675675676,NA,NA,NA,NA,NA,NA,0,NA
Nagy&Rice 1997 Evol,Gilia.capitata.ssp.capitata,Plant,G,west,y,54,i.IB,i.IB,S,0,used to average across years,0.44,NA,0.05,NA,NA,NA,prop S seedling to flowering (annual therefore = survival),-1.591836735,NA,NA,NA,NA,NA,NA,0,NA
Nagy&Rice 1997 Evol,Gilia.capitata.ssp.capitata,Plant,G,west,y,54,i.IB,i.IB,S,1,ave across years,NA,NA,NA,NA,NA,NA,ave S across 2 yr,-1.633756205,NA,NA,NA,NA,NA,0,0,NA
Nagy&Rice 1997 Evol,Gilia.capitata.ssp.chamissonis,Plant,G,east,y,55,i.IB,i.IB,Em,0,used to average across years,0.33,NA,0.095,NA,NA,NA,prop seeds to become seedlings,-1.105882353,NA,NA,NA,NA,NA,NA,0,NA
Nagy&Rice 1997 Evol,Gilia.capitata.ssp.chamissonis,Plant,G,east,y,55,i.IB,i.IB,Em,0,used to average across years,0.39,NA,0.26,NA,NA,NA,prop seeds to become seedlings,-0.4,NA,NA,NA,NA,NA,NA,0,NA
Nagy&Rice 1997 Evol,Gilia.capitata.ssp.chamissonis,Plant,G,east,y,55,i.IB,i.IB,Em,1,ave across years,0.36,NA,0.1775,NA,NA,NA,mean prop Em (seed to seedling) across 2 yrs,-0.752941176,NA,NA,NA,NA,NA,0,0,NA
Nagy&Rice 1997 Evol,Gilia.capitata.ssp.chamissonis,Plant,G,east,y,55,i.IB,i.IB,G,0,used to average across years,15,NA,21,NA,NA,NA,mean length of longest leaf (mm) at 41 d during vegetative stage,0.333333333,NA,NA,NA,NA,NA,NA,0,NA
Nagy&Rice 1997 Evol,Gilia.capitata.ssp.chamissonis,Plant,G,east,y,55,i.IB,i.IB,G,0,used to average across years,11,NA,4,NA,NA,NA,mean length of longest leaf (mm) at 83 d during rosette stage,-0.933333333,NA,NA,NA,NA,NA,NA,0,NA
Nagy&Rice 1997 Evol,Gilia.capitata.ssp.chamissonis,Plant,G,east,y,55,i.IB,i.IB,G,1,ave across years,NA,NA,NA,NA,NA,NA,ave of G across 2 yr,-0.3,NA,NA,NA,NA,NA,NA,0,NA
Nagy&Rice 1997 Evol,Gilia.capitata.ssp.chamissonis,Plant,G,east,y,55,i.IB,i.IB,Ov,0,used to average across years,0.16,NA,0.12,NA,NA,NA,S*R,-0.285714286,NA,NA,NA,NA,NA,0,0,NA
Nagy&Rice 1997 Evol,Gilia.capitata.ssp.chamissonis,Plant,G,east,y,55,i.IB,i.IB,Ov,0,used to average across years,250.49,NA,11.47,NA,NA,NA,"Ro: seeds produced per seed planted, using fruits/infl and seed/fruit data from potted plants at same sites",-1.824858757,NA,NA,NA,NA,NA,1,0,NA
Nagy&Rice 1997 Evol,Gilia.capitata.ssp.chamissonis,Plant,G,west,y,55,i.IB,i.IB,Ov,1,ave across years and measurements,NA,NA,NA,NA,NA,NA,"ave of 2 yr, 1 using S*R and one using Ro",-1.055286521,NA,NA,NA,NA,NA,1,1,N
Nagy&Rice 1997 Evol,Gilia.capitata.ssp.chamissonis,Plant,G,east,y,55,i.IB,i.IB,R,0,used to average across years,1,NA,0.8,NA,NA,NA,mean inflorescence/plant,-0.222222222,NA,NA,NA,NA,NA,NA,0,NA
Nagy&Rice 1997 Evol,Gilia.capitata.ssp.chamissonis,Plant,G,east,y,55,i.IB,i.IB,R,0,used to average across years,3.5,NA,0.9,NA,NA,NA,mean inflorescence/plant,-1.181818182,NA,NA,NA,NA,NA,NA,0,NA
Nagy&Rice 1997 Evol,Gilia.capitata.ssp.chamissonis,Plant,G,east,y,55,i.IB,i.IB,R,1,ave across years,NA,NA,NA,NA,NA,NA,ave R (inflorescences/plant) across 2 years,-0.702020202,NA,NA,NA,NA,NA,0,0,NA
Nagy&Rice 1997 Evol,Gilia.capitata.ssp.chamissonis,Plant,G,east,y,55,i.IB,i.IB,S,0,used to average across years,0.16,NA,0.15,NA,NA,NA,prop S seedling to flowering (annual therefore = survival),-0.064516129,NA,NA,NA,NA,NA,NA,0,NA
Nagy&Rice 1997 Evol,Gilia.capitata.ssp.chamissonis,Plant,G,east,y,55,i.IB,i.IB,S,0,used to average across years,0.5,NA,0.14,NA,NA,NA,prop S seedling to flowering (annual therefore = survival),-1.125,NA,NA,NA,NA,NA,NA,0,NA
Nagy&Rice 1997 Evol,Gilia.capitata.ssp.chamissonis,Plant,G,east,y,55,i.IB,i.IB,S,1,ave across years,NA,NA,NA,NA,NA,NA,ave S across 2 yr,-0.594758065,NA,NA,NA,NA,NA,0,0,NA
Norton etal 2005 Oecol,Vulpia.fasciculata,Plant,G,polar,n,56,i.IB,i.IB,Ov,1,NA,2.611111111,NA,3.54,NA,NA,NA,mean pop growth rate (lambda) per site averaged across ecotypes and years,0.302023121,NA,NA,NA,NA,NA,1,1,B
Prince&Carter 1985 JEcol,Lactuca.serriola,Plant,G,polar,n,57,i.IB,i.IB,G,1,NA,1.23,NA,1.35,NA,NA,NA,"mean plant dry weight at final measurement date (g/plant), averaged across planting dates",0.093023256,NA,NA,NA,NA,NA,NA,0,NA
Prince&Carter 1985 JEcol,Lactuca.serriola,Plant,G,polar,n,57,i.IB,i.IB,Em,1,NA,0.219,NA,0.2632,NA,NA,NA,"mean prop germinated seeds on last monitoring date, averaged across the 2 soil types, then across the 3 planting dates",0.183326421,NA,NA,NA,NA,NA,NA,1,BA
Prince&Carter 1985 JEcol,Lactuca.serriola,Plant,G,west,n,58,i.IB,i.IB,G,1,NA,84.6,NA,27.96666667,NA,NA,NA,mean dry weight of plants at final measurement date,-1.006218537,NA,NA,NA,NA,NA,NA,0,NA
Prince&Carter 1985 JEcol,Lactuca.serriola,Plant,G,west,n,58,i.IB,i.IB,R,1,NA,16.66666667,NA,18.55555556,NA,NA,NA,"mean # achenes per capitulum, averaged across 3 count dates per site, then across 2 I sites and 3 B sites",0.107255521,NA,NA,NA,NA,NA,NA,1,BA
Prince 1976 NewPhytol,Hordeum.jubatum,Plant,G,polar,n,59,i.IEB,i.IEB,R,1,NA,40.1,45.8,33.6,NA,NA,NA,dry weight of grains (Table 1),-0.176390773,0.132712456,-0.307304786,NA,NA,NA,NA,1,BA
Prince 1976 NewPhytol,Hordeum.jubatum,Plant,G,polar,n,59,i.EB,i.EB,R,0,data NA for i.I,NA,0.712,0.485,NA,NA,NA,"total grain weight per ear (Table 3) - used CT from clipping experiment done only at E & B site, so design is different",NA,NA,-0.379281537,NA,NA,NA,NA,0,NA
Samis&Eckert 2009 Ecology,Camissoniopsis.cheiranthifolia,Plant,G,polar,n,62,ie.IEB,ie.IEB,Ov,1,NA,3.83,6.92,17.75,4.15,6.8,4.7,lambda from individual projection matrices,1.290083411,0.574883721,0.877989461,0.124293785,-0.484018265,-0.365217391,1,1,N
Samis&Eckert 2009 Ecology,Camissoniopsis.cheiranthifolia,Plant,G,polar,n,62,ie.IEB,ie.IEB,R,1,NA,5.71,8.39,4.31,4.15,6.8,4.7,total lifetime fruit production,-0.279441118,0.380141844,-0.642519685,0.124293785,-0.484018265,-0.365217391,NA,0,NA
Samis&Eckert 2009 Ecology,Camissoniopsis.cheiranthifolia,Plant,G,polar,n,62,ie.IEB,ie.IEB,S,1,NA,0.59,0.83,0.81,0.62,0.87,0.79,proportion S to reproduce within 3 years,0.314285714,0.338028169,-0.024390244,0.241134752,-0.33557047,-0.096385542,NA,0,NA
Scheidel&Bruelheide 2001 Oecologia,Cicerbita.alpina,Plant,E,low,n,63,i.IEB,i.IEB,S,1,NA,1,0.375,0.375,NA,NA,NA,mean prop S of 8 plants,-0.909090909,-0.909090909,0,NA,NA,NA,NA,1,BA
Scheidel&Bruelheide 2001 Oecologia,Petasites.albus,Plant,E,low,n,64,i.IEB,i.IB,S,1,NA,0.9375,NA,0.375,NA,NA,NA,mean prop S of 8 plants,-0.857142857,NA,NA,NA,NA,NA,NA,1,BA
Scheidel&Bruelheide 2001 Oecologia,Senecio.hercynicus,Plant,E,low,n,65,i.IEB,i.IEB,S,1,NA,1,0.5,0.1875,NA,NA,NA,mean prop S of 8 plants,-1.368421053,-0.666666667,-0.909090909,NA,NA,NA,NA,1,BA
Stinson 2005 ArcticAntarcticAlpineRes,Potentilla.diversifolia,Plant,E,low,n,66,ie.IEB,ie.IEB,G,1,NA,14,NA,18,NA,53,26,max leaf area (cm^2) averaged across 2 yr (Fig 4),0.25,NA,NA,NA,NA,-0.683544304,NA,0,NA
Stinson 2005 ArcticAntarcticAlpineRes,Potentilla.diversifolia,Plant,E,low,n,66,ie.IEB,i.IB,Ov,1,NA,850,NA,10,NA,NA,NA,"S*R (no Em, adults used)",-1.953488372,NA,NA,NA,NA,NA,0,1,N
Stinson 2005 ArcticAntarcticAlpineRes,Potentilla.diversifolia,Plant,E,low,n,66,i.IB,i.IB,R,1,NA,10,NA,2,NA,NA,NA,plants with repro structures / total plants alive at end of exp (fig 2),-1.333333333,NA,NA,NA,NA,NA,NA,0,NA
Stinson 2005 ArcticAntarcticAlpineRes,Potentilla.diversifolia,Plant,E,low,n,66,i.IB,i.IB,S,1,NA,0.85,NA,0.05,NA,NA,NA,proportion S,-1.777777778,NA,NA,NA,NA,NA,NA,0,NA
Woodward&Pigott 1975 NewPhytol,Sedum.rosea,Plant,E,low,n,67,e.EB,e.EB,G,0,used to average across G measurements,NA,NA,NA,NA,15,15,"leaf number after 2 mo, intraspecific competition only (Fig 2). assume used e seeds for this",NA,NA,NA,NA,NA,0,NA,0,NA
Woodward&Pigott 1975 NewPhytol,Sedum.rosea,Plant,E,low,n,67,e.EB,e.EB,G,0,used to average across G measurements,NA,NA,NA,NA,20,21,"plant height after 3 mo, intraspecific competition only (Fig 2)",NA,NA,NA,NA,NA,0.048780488,NA,0,NA
Woodward&Pigott 1975 NewPhytol,Sedum.rosea,Plant,E,low,n,67,e.EB,e.EB,G,1,ave of 2 G measurements,NA,NA,NA,NA,NA,NA,ave of 2 G parameters,NA,NA,NA,NA,NA,0.024390244,NA,1,BA
Woodward&Pigott 1975 NewPhytol,Sedum.rosea,Plant,E,low,n,67,i.IEB,i.IEB,G,0,used to average across G measurements,15,16,27,NA,NA,NA,"plant height after 3 mo, interspecific competition (Fig 4). Assume used i seeds",0.571428571,0.064516129,0.511627907,NA,NA,NA,NA,0,NA
Woodward&Pigott 1975 NewPhytol,Sedum.rosea,Plant,E,low,n,67,i.IEB,i.IEB,G,0,used to average across G measurements,0.03,0.03,0.03,NA,NA,NA,"plant cover after 3 mo, interspecific competition (Fig 5)",0,0,0,NA,NA,NA,NA,0,NA
Woodward&Pigott 1975 NewPhytol,Sedum.rosea,Plant,E,low,n,67,i.IEB,i.IEB,G,1,ave of 2 G measurements,NA,NA,NA,NA,NA,NA,ave of 2 G parameters,0.285714286,0.032258065,0.255813953,NA,NA,NA,NA,0,NA
Woodward&Pigott 1975 NewPhytol,Sedum.telephium,Plant,E,high,n,68,i.IEB,i.IEB,G,0,used to average across G measurements,72,35,25,NA,NA,NA,"plant height after 3 mo. estimated for the RL using the trend line, interspecific competition (Fig 4)",-0.969072165,-0.691588785,-0.333333333,NA,NA,NA,NA,0,NA
Woodward&Pigott 1975 NewPhytol,Sedum.telephium,Plant,E,high,n,68,i.IEB,i.IEB,G,0,used to average across G measurements,0.245,0.095,0.025,NA,NA,NA,"plant cover after 3 mo, estimated for the RL using the trend line, interspecific competition (Fig 4)",-1.62962963,-0.882352941,-1.166666667,NA,NA,NA,NA,0,NA
Woodward&Pigott 1975 NewPhytol,Sedum.telephium,Plant,E,high,n,68,i.IEB,i.IEB,G,1,ave of 2 G measurements,NA,NA,NA,NA,NA,NA,ave of 2 G parameters,-1.299350897,-0.786970863,-0.75,NA,NA,NA,NA,1,BA
Woodward etal 1990 PhilosTransRSocLondonB,Verbena.officinalis,Plant,E,high,n,69,i.IB,i.IB,Ov,1,NA,1,NA,0,NA,NA,NA,"did population persist over 8 years? 1 = yes, 0 = no",-2,NA,NA,NA,NA,NA,1,1,N
Young 1996 CanJBot,Iris.douglasiana,Plant,G,east,y,70,i.IB,i.IB,S,0,used to calculate S across life stages,0.046666667,NA,0.004444444,NA,NA,NA,"mean prop seedling S after 2 yr (included germination) - from seed exp, Table 3.  averaged across 3 sources per site and 3 sites per region (I or B), with 100 seeds per plot (thus the division by 300)",-1.652173913,NA,NA,NA,NA,NA,NA,0,NA
Young 1996 CanJBot,Iris.douglasiana,Plant,G,east,y,70,i.IB,i.IB,S,0,used to calculate S across life stages,0.57,NA,0,NA,NA,NA,prop S of transplanted adults,-2,NA,NA,NA,NA,NA,NA,0,NA
Young 1996 CanJBot,Iris.douglasiana,Plant,G,east,y,70,i.IB,i.IB,S,1,multiple of S across 2 life stages,0.0266,NA,0,NA,NA,NA,ave S across both life stages (seeds & adults),-2,NA,NA,NA,NA,NA,NA,1,B
Young 1996 CanJBot,Iris.innominata,Plant,G,west,y,71,i.IB,i.IB,S,0,used to calculate S across life stages,0.013333333,NA,0.013333333,NA,NA,NA,"mean prop seedling S after 2 yr (included germination) - from seed exp, Table 3.  averaged across 3 sources per site and 3 sites per region (I or B), with 100 seeds per plot (thus the division by 300)",0,NA,NA,NA,NA,NA,NA,0,NA
Young 1996 CanJBot,Iris.innominata,Plant,G,west,y,71,i.IB,i.IB,S,0,used to calculate S across life stages,0.58,NA,0.06,NA,NA,NA,prop S of transplanted adults,-1.625,NA,NA,NA,NA,NA,NA,0,NA
Young 1996 CanJBot,Iris.innominata,Plant,G,west,y,71,i.IB,i.IB,S,1,multiple of S across 2 life stages,0.007733333,NA,0.0008,NA,NA,NA,ave S across both life stages (seeds & adults),-1.625,NA,NA,NA,NA,NA,NA,1,B
Purcell&Aviles 2008 ProcRoySocB,Anelosimus.baeza,Animal,E,low,n,72,i.IEB,i.IEB,Ov,1,NA,1.1,0.001,0,NA,NA,NA,S*R,-2,-1.996366939,-2,NA,NA,NA,0,1,N
Purcell&Aviles 2008 ProcRoySocB,Anelosimus.baeza,Animal,E,low,n,72,i.IEB,i.IEB,R,1,NA,2.5,0.01,0,NA,NA,NA,propagules (new colonies founded by dispersers) per nest (ie a mixture of reprodution and dispersal),-2,-1.984063745,-2,NA,NA,NA,NA,0,NA
Purcell&Aviles 2008 ProcRoySocB,Anelosimus.baeza,Animal,E,low,n,72,i.IEB,i.IEB,S,1,NA,0.44,0.1,0,NA,NA,NA,proportion colony S,-2,-1.259259259,-2,NA,NA,NA,NA,0,NA
Battisti etal 2005 EcolAppl,Thaumetopoea.pityocampa,Animal,G,polar,n,73,i.IEB,i.IEB,Ov,1,NA,9500,7750,8500,NA,NA,NA,S*R,-0.111111111,-0.202898551,0.092307692,NA,NA,NA,0,1,N
Battisti etal 2005 EcolAppl,Thaumetopoea.pityocampa,Animal,G,polar,n,73,i.IEB,i.IEB,R,1,NA,100,100,100,NA,NA,NA,"%colonies with 4th instar, data pooled across sites/region/transect then averaged across the two transects",0,0,0,NA,NA,NA,NA,0,NA
Battisti etal 2005 EcolAppl,Thaumetopoea.pityocampa,Animal,G,polar,n,73,i.IEB,i.IEB,S,1,NA,0.95,0.775,0.85,NA,NA,NA,"prop colony S, averaged over 2 transects",-0.111111111,-0.202898551,0.092307692,NA,NA,NA,NA,0,NA
Battisti etal 2005 EcolAppl,Thaumetopoea.pityocampa,Animal,E,high,n,74,i.IEB,i.IEB,Ov,1,NA,1889.8,1279.6,0,NA,NA,NA,S*R,-2,-0.385057109,-2,NA,NA,NA,0,1,N
Battisti etal 2005 EcolAppl,Thaumetopoea.pityocampa,Animal,E,high,n,74,i.IEB,i.IEB,R,1,NA,42.95,22.85,0,NA,NA,NA,"%colonies with 4th instar, data pooled across sites/region/transect then averaged across the two transects",-2,-0.610942249,-2,NA,NA,NA,NA,0,NA
Battisti etal 2005 EcolAppl,Thaumetopoea.pityocampa,Animal,E,high,n,74,i.IEB,i.IEB,S,1,NA,0.44,0.56,0.535,NA,NA,NA,"prop colony S, averaged over 2 transects",0.194871795,0.24,-0.0456621,NA,NA,NA,NA,0,NA
Crozier 2004 Oecologia,Atalopedes.campestris,Animal,G,polar,n,75,i.IEB,i.IEB,Em,1,NA,0.75,0.81,0.435,NA,NA,NA,ave Em (prop of surviving indiv that emerged to butterflies by end of Oct) across spring and summer experiments,-0.53164557,0.076923077,-0.602409639,NA,NA,NA,NA,0,NA
Crozier 2004 Oecologia,Atalopedes.campestris,Animal,G,polar,n,75,i.IEB,i.IEB,S,1,"ave across transects for w.WB, otherwise use data from E transect",0.08,0.1585,0.093,NA,NA,NA,ave prop S across spring and summer experiments,0.150289017,0.658280922,-0.520874751,NA,NA,NA,NA,0,NA
Crozier 2004 Oecologia,Atalopedes.campestris,Animal,G,polar,n,75,i.IB,i.IB,R,1,NA,27.75,NA,21.85,NA,NA,NA,ave R (eggs laid/female) across spring and summer experiments,-0.237903226,NA,NA,NA,NA,NA,NA,0,NA
Crozier 2004 Oecologia,Atalopedes.campestris,Animal,G,polar,n,75,i.IEB,i.IEB,Ov,1,NA,0.06,0.128385,0.040455,NA,NA,NA,Em*S,-0.389129461,0.726013218,-1.041577825,NA,NA,NA,0,1,N
Jenkins&Hoffmann 1999 Evol,Drosophila.serrata,Animal,G,polar,n,76,i.IB,i.IB,Ov,0,used other Ov measure (prop cages to produce next generation) even though lambda is better b/c they don't give any E info for lambda. that also prevents one taking the mean of the two measures,0.46,NA,0.156666667,NA,NA,NA,"lambda: adults produced per original adult (each cage started w 50, know lost one cage at I as all cages produced adults but only gave numbers for 5 cages, don’t know if second lost cage was from E or B). ",-0.983783784,NA,NA,NA,NA,NA,1,0,NA
Jenkins&Hoffmann 1999 Evol,Drosophila.serrata,Animal,G,polar,n,76,i.IEB,i.IEB,Ov,1,NA,1,0.5,0.166666667,NA,NA,NA,prop of 6 cages which completed a life cycle (ie a second generation of adults),-1.428571429,-0.666666667,-1,NA,NA,NA,1,1,B
Jenkins&Hoffmann 1999 Evol,Drosophila.serrata,Animal,G,polar,n,76,i.IB,i.IB,R,1,NA,81.5,NA,47,NA,NA,NA,"adults per reproductive cage, starting with 50 adults",-0.536964981,NA,NA,NA,NA,NA,NA,0,NA
Hummel etal 2000 JExpMarineBiolEcol,Macoma.balthica,Animal,G,equitoral,n,77,i.IB,i.IB,G,1,NA,0.5,NA,-14,NA,NA,NA,(final mass) - (initial mass) averaged over sites per region (Fig6),2.148148148,NA,NA,NA,NA,NA,NA,1,N
Schulz&Bruelheide 1999 pp121-150ISBN3764360860,Euphorbia.amygdaloides,Plant,G,east,n,78,i.IEB,i.IEB,Em,1,NA,0.74,0.96,0.875,NA,NA,NA,prop germination per 50 seeds sown / site (Table 3),0.167182663,0.258823529,-0.092643052,NA,NA,NA,NA,0,NA
Schulz&Bruelheide 1999 pp121-150ISBN3764360860,Euphorbia.amygdaloides,Plant,G,east,n,78,i.IEB,i.IEB,G,1,NA,12.86666667,12.2,15.05,NA,NA,NA,"mean cm/shoot averaged across 3-5 plants/site, then across sites per region (Fig 15)",0.15641791,-0.053191489,0.209174312,NA,NA,NA,NA,0,NA
Schulz&Bruelheide 1999 pp121-150ISBN3764360860,Euphorbia.amygdaloides,Plant,G,east,n,78,i.IEB,i.IEB,Ov,1,NA,14.53345945,34.04,32.64958291,NA,NA,NA,Em*S*R,0.767908238,0.803176911,-0.041698179,NA,NA,NA,1,1,BA
Schulz&Bruelheide 1999 pp121-150ISBN3764360860,Euphorbia.amygdaloides,Plant,G,east,n,78,i.IEB,i.IEB,R,0,used to get ~seed mass per plant,5.6,3.7,5.2,NA,NA,NA,mass of 1000 seeds,-0.074074074,-0.408602151,0.337078652,NA,NA,NA,NA,0,NA
Schulz&Bruelheide 1999 pp121-150ISBN3764360860,Euphorbia.amygdaloides,Plant,G,east,n,78,i.IEB,i.IEB,R,0,used to get ~seed mass per plant,7.233333333,10,10.525,NA,NA,NA,ave fruits/plant averaged across sites per region,0.370717973,0.321083172,0.051157125,NA,NA,NA,NA,0,NA
Schulz&Bruelheide 1999 pp121-150ISBN3764360860,Euphorbia.amygdaloides,Plant,G,east,n,78,i.IEB,i.IEB,R,1,multiple of 2 R measures,40.50666667,37,54.73,NA,NA,NA,fruitset * seed mass for 1000 seeds - doesn't quite give seed mass per plant but would if all fruits produced 1000 seeds,0.29869448,-0.09048684,0.386569279,NA,NA,NA,NA,0,NA
Schulz&Bruelheide 1999 pp121-150ISBN3764360860,Euphorbia.amygdaloides,Plant,G,east,n,78,i.IEB,i.IEB,S,1,NA,0.484853771,0.958333333,0.681779811,NA,NA,NA,prop seedling S after 1 yr. B data is average across 3 tundra types (NB: survival in tussock tundra = 0 after 3 years),0.337597071,0.656158251,-0.337237127,NA,NA,NA,NA,0,NA
Hobbie&Chapin 1998 Jecol,Alnus.crispa,Plant,G,polar,n,79,i.IB,i.IB,G,1,NA,110.3,NA,-1.8,NA,NA,NA,change in seedling biomass after 3 yr.  averaged over the 3 tundra types for the B sites,-2.066359447,NA,NA,NA,NA,NA,NA,0,NA
Hobbie&Chapin 1998 Jecol,Alnus.crispa,Plant,G,polar,n,79,i.IB,i.IB,S,1,NA,1,NA,0.32,NA,NA,NA,prop survival of seedlings after 1 year (Fig 3). B data is average across 3 tundra types,-1.03030303,NA,NA,NA,NA,NA,NA,1,N
Hobbie&Chapin 1998 Jecol,Betula.papyrifera,Plant,G,polar,n,80,i.IB,i.IB,G,1,NA,4.1,NA,-0.333333333,NA,NA,NA,change in seedling biomass after 3 yr.  averaged over the 3 tundra types for the B sites,-2.353982301,NA,NA,NA,NA,NA,NA,0,NA
Hobbie&Chapin 1998 Jecol,Betula.papyrifera,Plant,G,polar,n,80,i.IB,i.IB,S,1,NA,0.85,NA,0.696666667,NA,NA,NA,prop survival of seedlings after 1 year (Fig 3). B data is average across 3 tundra types,-0.198275862,NA,NA,NA,NA,NA,NA,1,N
Hobbie&Chapin 1998 Jecol,Picea.glauca,Plant,G,polar,n,81,i.IB,i.IB,G,1,NA,2.7,NA,0.533333333,NA,NA,NA,change in seedling biomass after 3 yr.  averaged over the 3 tundra types for the B sites,-1.340206186,NA,NA,NA,NA,NA,NA,0,NA
Hobbie&Chapin 1998 Jecol,Picea.glauca,Plant,G,polar,n,81,i.IB,i.IB,S,1,NA,1,NA,0.923333333,NA,NA,NA,prop survival of seedlings after 1 year (Fig 3). B data is average across 3 tundra types,-0.079722704,NA,NA,NA,NA,NA,NA,1,N
Hobbie&Chapin 1998 Jecol,Populus.balsamifera,Plant,G,polar,n,82,i.IB,i.IB,G,1,NA,4,NA,-0.4,NA,NA,NA,change in seedling biomass after 3 yr.  averaged over the 3 tundra types for the B sites,-2.444444444,NA,NA,NA,NA,NA,NA,0,NA
Hobbie&Chapin 1998 Jecol,Populus.balsamifera,Plant,G,polar,n,82,i.IB,i.IB,S,1,NA,0.85,NA,0.563333333,NA,NA,NA,prop survival of seedlings after 1 year (Fig 3). B data is average across 3 tundra types,-0.405660377,NA,NA,NA,NA,NA,NA,1,N
Hobbie&Chapin 1998 Jecol,Populus.tremuloides,Plant,G,polar,n,83,i.IB,i.IB,G,1,NA,6.5,NA,1.133333333,NA,NA,NA,change in seedling biomass after 3 yr.  averaged over the 3 tundra types for the B sites,-1.406113537,NA,NA,NA,NA,NA,NA,0,NA
Hobbie&Chapin 1998 Jecol,Populus.tremuloides,Plant,G,polar,n,83,i.IB,i.IB,S,1,NA,1,NA,0.86,NA,NA,NA,prop survival of seedlings after 1 year (Fig 3). B data is average across 3 tundra types,-0.150537634,NA,NA,NA,NA,NA,NA,1,N
Klimes&Dolezal 2010 Ecography,Alyssum.klimesii,Plant,E,high,n,84,i.IEB,i.IEB,Ov,1,NA,0.56,0,0,NA,NA,NA,S*R,-2,-2,NA,NA,NA,NA,0,1,N
Klimes&Dolezal 2010 Ecography,Alyssum.klimesii,Plant,E,high,n,84,i.IEB,i.I,R,0,"only survived to R at 1 site, so no useful comparisons",0.7,NA,NA,NA,NA,NA,prop of survivors to flower. NA if none survived to flowering,NA,NA,NA,NA,NA,NA,NA,0,NA
Klimes&Dolezal 2010 Ecography,Alyssum.klimesii,Plant,E,high,n,84,i.IEB,i.IEB,S,1,NA,0.8,0,0,NA,NA,NA,prop adult S after 2 yr,-2,-2,NA,NA,NA,NA,NA,0,NA
Klimes&Dolezal 2010 Ecography,Aphragmus.oxycarpus,Plant,E,high,n,85,i.EB,i.EB,Ov,1,NA,NA,0.21,0,NA,NA,NA,S*R,NA,NA,-2,NA,NA,NA,0,1,N
Klimes&Dolezal 2010 Ecography,Aphragmus.oxycarpus,Plant,E,high,n,85,i.EB,i.E,R,0,"only survived to R at 1 site, so no useful comparisons",NA,0.3,NA,NA,NA,NA,prop of survivors to flower. NA if none survived to flowering,NA,NA,NA,NA,NA,NA,NA,0,NA
Klimes&Dolezal 2010 Ecography,Aphragmus.oxycarpus,Plant,E,high,n,85,i.EB,i.EB,S,1,NA,NA,0.7,0,NA,NA,NA,prop adult S after 2 yr,NA,NA,-2,NA,NA,NA,NA,0,NA
Klimes&Dolezal 2010 Ecography,Carex.sagaensis,Plant,E,high,n,86,e.EB,e.EB,Ov,1,NA,NA,NA,NA,NA,18,0,S*R,NA,NA,NA,NA,NA,-2,0,1,N
Klimes&Dolezal 2010 Ecography,Carex.sagaensis,Plant,E,high,n,86,e.EB,e.EB,S,1,NA,NA,NA,NA,NA,0.9,0,prop adult S after 2 yr,NA,NA,NA,NA,NA,-2,NA,0,NA
Klimes&Dolezal 2010 Ecography,Desideria.pumila,Plant,E,high,n,87,i.IEB,i.IEB,Ov,0,zero at all sites,0,0,0,NA,NA,NA,S*R,NA,NA,NA,NA,NA,NA,0,0,NA
Klimes&Dolezal 2010 Ecography,Desideria.pumila,Plant,E,high,n,87,i.IEB,i.IEB,S,1,NA,0.5,0.1,0,NA,NA,NA,prop adult S after 2 yr,NA,NA,-2,NA,NA,NA,NA,1,N
Klimes&Dolezal 2010 Ecography,Draba.altaica,Plant,E,high,n,88,i.IEB,i.IEB,Ov,1,NA,0.48,0,0,NA,NA,NA,S*R,-2,-2,NA,NA,NA,NA,0,1,N
Klimes&Dolezal 2010 Ecography,Draba.altaica,Plant,E,high,n,88,i.IEB,i.IEB,S,1,NA,0.8,0,0,NA,NA,NA,prop adult S after 2 yr,-2,-2,NA,NA,NA,NA,NA,0,NA
Klimes&Dolezal 2010 Ecography,Draba.oreades,Plant,E,high,n,89,i.IEB,i.IEB,Ov,1,NA,0.27,0,0,NA,NA,NA,S*R,-2,-2,NA,NA,NA,NA,0,1,N
Klimes&Dolezal 2010 Ecography,Draba.oreades,Plant,E,high,n,89,i.IEB,i.IEB,S,1,NA,0.9,0,0,NA,NA,NA,prop adult S after 2 yr,-2,-2,NA,NA,NA,NA,NA,0,NA
Klimes&Dolezal 2010 Ecography,Eritruichium.hemisphaericum,Plant,E,high,n,90,i.IEB,i.I,R,0,"only survived to R at 1 site, so no useful comparisons",0.2,NA,NA,NA,NA,NA,prop of survivors to flower. NA if none survived to flowering,NA,NA,NA,NA,NA,NA,NA,0,NA
Klimes&Dolezal 2010 Ecography,Eritruichium.hemisphaericum,Plant,E,high,n,90,i.IEB,i.IEB,Ov,1,NA,0.12,0,0,NA,NA,NA,S*R,-2,-2,NA,NA,NA,NA,0,1,N
Klimes&Dolezal 2010 Ecography,Eritruichium.hemisphaericum,Plant,E,high,n,90,i.IEB,i.IEB,S,1,NA,0.6,0,0,NA,NA,NA,prop adult S after 2 yr,-2,-2,NA,NA,NA,NA,NA,0,NA
Klimes&Dolezal 2010 Ecography,Pegaeophyton.scapiflorum,Plant,E,high,n,91,i.IB,i.IB,R,1,NA,0.4,NA,0,NA,NA,NA,prop of survivors to flower. NA if none survived to flowering,-2,NA,NA,NA,NA,NA,NA,0,NA
Klimes&Dolezal 2010 Ecography,Pegaeophyton.scapiflorum,Plant,E,high,n,91,i.IB,i.IB,Ov,1,NA,0.32,NA,0,NA,NA,NA,S*R,-2,NA,NA,NA,NA,NA,0,1,N
Klimes&Dolezal 2010 Ecography,Pegaeophyton.scapiflorum,Plant,E,high,n,91,i.IB,i.IB,S,1,NA,0.8,NA,0.033333,NA,NA,NA,prop adult S after 2 yr,-1.840001536,NA,NA,NA,NA,NA,NA,0,NA
Klimes&Dolezal 2010 Ecography,Poa.attenuata,Plant,E,high,n,92,i.IEB,i.IEB,R,1,NA,0.8,0.3,0,NA,NA,NA,prop of survivors to flower. NA if none survived to flowering,-2,-0.909090909,-2,NA,NA,NA,NA,0,NA
Klimes&Dolezal 2010 Ecography,Poa.attenuata,Plant,E,high,n,92,i.IEB,i.IEB,Ov,1,NA,0.8,0.24,0,NA,NA,NA,S*R,-2,-1.076923077,-2,NA,NA,NA,0,1,N
Klimes&Dolezal 2010 Ecography,Poa.attenuata,Plant,E,high,n,92,i.IEB,i.IEB,S,1,NA,1,0.8,0.2,NA,NA,NA,prop adult S after 2 yr,-1.333333333,-0.222222222,-1.2,NA,NA,NA,NA,0,NA
Klimes&Dolezal 2010 Ecography,Saussurea.hypsipeta,Plant,E,high,n,93,i.IEB,i.I,R,0,"only survived to R at 1 site, so no useful comparisons",0.2,NA,NA,NA,NA,NA,prop of survivors to flower. NA if none survived to flowering,NA,NA,NA,NA,NA,NA,NA,0,NA
Klimes&Dolezal 2010 Ecography,Saussurea.hypsipeta,Plant,E,high,n,93,i.IEB,i.IEB,Ov,1,NA,0.6,0,0,NA,NA,NA,S*R,-2,-2,NA,NA,NA,NA,0,1,N
Klimes&Dolezal 2010 Ecography,Saussurea.hypsipeta,Plant,E,high,n,93,i.IEB,i.IEB,S,1,NA,0.3,0,0,NA,NA,NA,prop adult S after 2 yr,-2,-2,NA,NA,NA,NA,NA,0,NA
Klimes&Dolezal 2010 Ecography,Saxifraga.nanella,Plant,E,high,n,94,i.IEB,i.I,R,0,"only survived to R at 1 site, so no useful comparisons",0.7,NA,NA,NA,NA,NA,prop of survivors to flower. NA if none survived to flowering,NA,NA,NA,NA,NA,NA,NA,0,NA
Klimes&Dolezal 2010 Ecography,Saxifraga.nanella,Plant,E,high,n,94,i.IEB,i.IEB,Ov,1,NA,0.63,0,0,NA,NA,NA,S*R,-2,-2,NA,NA,NA,NA,0,1,N
Klimes&Dolezal 2010 Ecography,Saxifraga.nanella,Plant,E,high,n,94,i.IEB,i.IEB,S,1,NA,0.9,0,0,NA,NA,NA,prop adult S after 2 yr,-2,-2,NA,NA,NA,NA,NA,0,NA
Klimes&Dolezal 2010 Ecography,Stellaria.depressa,Plant,E,high,n,95,i.IEB,i.IE,R,0,NA,0.5,0,NA,NA,NA,NA,prop of survivors to flower. NA if none survived to flowering,NA,-2,NA,NA,NA,NA,NA,0,NA
Klimes&Dolezal 2010 Ecography,Stellaria.depressa,Plant,E,high,n,95,i.IEB,i.IEB,Ov,1,NA,0.4,0,0,NA,NA,NA,S*R,-2,-2,NA,NA,NA,NA,0,1,N
Klimes&Dolezal 2010 Ecography,Stellaria.depressa,Plant,E,high,n,95,i.IEB,i.IEB,S,1,NA,0.8,0.1,0,NA,NA,NA,prop adult S after 2 yr,-2,-1.555555556,-2,NA,NA,NA,NA,0,NA
Klimes&Dolezal 2010 Ecography,Waldheimia.tridactylites,Plant,E,high,n,96,i.IEB,i.IE,R,0,no B data for this parameter,0.2,0,NA,NA,NA,NA,prop of survivors to flower. NA if none survived to flowering,NA,-2,NA,NA,NA,NA,NA,0,NA
Klimes&Dolezal 2010 Ecography,Waldheimia.tridactylites,Plant,E,high,n,96,i.IEB,i.IEB,Ov,1,NA,0.17,0,0,NA,NA,NA,S*R,-2,-2,NA,NA,NA,NA,0,1,N
Klimes&Dolezal 2010 Ecography,Waldheimia.tridactylites,Plant,E,high,n,96,i.IEB,i.IEB,S,1,NA,0.85,0.1,0,NA,NA,NA,prop adult S after 2 yr,-2,-1.578947368,-2,NA,NA,NA,NA,0,NA
StantonGeddes&Anderson 2011 Oecologia,Chamaecrista.fasciculata,Plant,G,polar,n,97,ie.IEB,i.IEB,G,1,NA,42,13,15,NA,NA,NA,"mid-season height, authors combined i & e seeds as there was no difference between them (Fig 1)",-0.947368421,-1.054545455,0.142857143,NA,NA,NA,NA,1,N
StantonGeddes&Anderson 2011 Oecologia,Chamaecrista.fasciculata,Plant,G,polar,n,97,ie.IEB,i.IEB,S,1,NA,0.63,0.15,0.61,NA,NA,NA,prop S,-0.032258065,-1.230769231,1.210526316,NA,NA,NA,NA,0,NA
StantonGeddes&Anderson 2011 Oecologia,Chamaecrista.fasciculata,Plant,G,west,n,98,ie.IEB,i.IEB,G,1,NA,42,40,13,NA,NA,NA,"mid-season height, authors combined i & e seeds as there was no difference between them (Fig 1)",-1.054545455,-0.048780488,-1.018867925,NA,NA,NA,NA,1,N
StantonGeddes&Anderson 2011 Oecologia,Chamaecrista.fasciculata,Plant,G,west,n,98,ie.IEB,i.IEB,S,1,NA,0.63,0.42,0.15,NA,NA,NA,prop S,-1.230769231,-0.4,-0.947368421,NA,NA,NA,NA,0,NA
Woodard&Jones 1984 Jecol,Oxyria.digyna,Plant,E,low,n,102,i.IB,i.IB,Em,1,NA,1.219245774,NA,0.793266156,NA,NA,NA,"probability of Em, calculated from formula where x=population density, so a bit complicated to figure out (and gives W prob >1, which is odd), but W>B (Table 2)",-0.423331273,NA,NA,NA,NA,NA,NA,0,NA
Woodard&Jones 1984 Jecol,Oxyria.digyna,Plant,E,low,n,102,i.IB,i.IB,G,1,NA,1.3,NA,2.8,NA,NA,NA,leaf area (Table 4),0.731707317,NA,NA,NA,NA,NA,NA,0,NA
Woodard&Jones 1984 Jecol,Oxyria.digyna,Plant,E,low,n,102,i.IB,i.IB,R,1,NA,35.96401799,NA,32.98020594,NA,NA,NA,probable seeds/plant,-0.086557274,NA,NA,NA,NA,NA,NA,0,NA
Woodard&Jones 1984 Jecol,Oxyria.digyna,Plant,E,low,n,102,i.IB,i.IB,Ov,1,NA,130,NA,130,NA,NA,NA,simulated population density per m^2 after 9 yr using lifetable data,0,NA,NA,NA,NA,NA,1,1,B
Woodard&Jones 1984 Jecol,Oxyria.digyna,Plant,E,low,n,102,i.IB,i.IB,S,1,NA,0.825603897,NA,0.388019075,NA,NA,NA,prop winter S (S to flowering not seperated by elevation),-0.721121521,NA,NA,NA,NA,NA,NA,0,NA
Woodard&Jones 1984 Jecol,Potentilla.reptans,Plant,E,high,n,103,i.EB,i.EB,Em,1,NA,NA,0.667896596,0.631844894,NA,NA,NA,"probability Em, calculated from formula where x=population density, so a bit complicated to figure out, but E>B (Table 2)",NA,NA,-0.055475188,NA,NA,NA,NA,0,NA
Woodard&Jones 1984 Jecol,Potentilla.reptans,Plant,E,high,n,103,i.EB,i.EB,G,1,NA,NA,2,0.9,NA,NA,NA,leaf area (Table 4),NA,NA,-0.75862069,NA,NA,NA,NA,0,NA
Woodard&Jones 1984 Jecol,Potentilla.reptans,Plant,E,high,n,103,i.EB,i.EB,R,1,NA,NA,112,59,NA,NA,NA,probable seeds/plant,NA,NA,-0.619883041,NA,NA,NA,NA,0,NA
Woodard&Jones 1984 Jecol,Potentilla.reptans,Plant,E,high,n,103,i.EB,i.EB,Ov,1,NA,NA,20,0,NA,NA,NA,simulated population density per m^2 after 9 yr using lifetable data,NA,NA,-2,NA,NA,NA,1,1,B
Woodard&Jones 1984 Jecol,Potentilla.reptans,Plant,E,high,n,103,i.EB,i.EB,S,1,NA,NA,0.89671564,0.595793193,NA,NA,NA,prop seedling S after 7 mo,NA,NA,-0.403243774,NA,NA,NA,NA,0,NA
Woodard&Jones 1984 Jecol,Wahlembergia.heberacea,Plant,E,high,n,104,i.IB,i.IB,Em,1,NA,0.07,NA,0.07,NA,NA,NA,prop Em (Table 2),0,NA,NA,NA,NA,NA,NA,0,NA
Woodard&Jones 1984 Jecol,Wahlembergia.heberacea,Plant,E,high,n,104,i.IB,i.IB,G,1,NA,0.6,NA,0.06,NA,NA,NA,leaf area (Table 4),-1.636363636,NA,NA,NA,NA,NA,NA,0,NA
Woodard&Jones 1984 Jecol,Wahlembergia.heberacea,Plant,E,high,n,104,i.IB,i.IB,R,1,NA,140,NA,183,NA,NA,NA,probable seeds/plant,0.26625387,NA,NA,NA,NA,NA,NA,0,NA
Woodard&Jones 1984 Jecol,Wahlembergia.heberacea,Plant,E,high,n,104,i.IB,i.IB,Ov,1,NA,7,NA,10,NA,NA,NA,simulated population density per m^2 after 9 years using lifetable data,0.352941176,NA,NA,NA,NA,NA,1,1,B
Woodard&Jones 1984 Jecol,Wahlembergia.heberacea,Plant,E,high,n,104,i.IB,i.IB,S,1,NA,1,NA,0.74,NA,NA,NA,prop plants alive of 5 plants per plots (text p138),-0.298850575,NA,NA,NA,NA,NA,NA,0,NA
Pearson 1931 USDATechBull247,Pinus.ponderosa,Plant,E,high,n,105,i.IB,i.IB,S,1,NA,0.6,NA,0.126984127,NA,NA,NA,prop S,-1.301310044,NA,NA,NA,NA,NA,NA,1,N
Pearson 1931 USDATechBull247,Pseduotsuga.menziesii,Plant,E,low,n,106,i.IB,i.IB,S,1,NA,0.666666667,NA,0,NA,NA,NA,prop S,-2,NA,NA,NA,NA,NA,NA,1,N
Pearson 1931 USDATechBull247,Pseduotsuga.menziesii,Plant,E,high,n,107,i.IB,i.IB,S,1,NA,0.666666667,NA,0.142857143,NA,NA,NA,prop S,-1.294117647,NA,NA,NA,NA,NA,NA,1,N
Pearson 1931 USDATechBull247,Picea.pungens,Plant,E,low,n,108,i.IB,i.IB,S,1,NA,0.909090909,NA,0,NA,NA,NA,prop S,-2,NA,NA,NA,NA,NA,NA,1,N
Pearson 1931 USDATechBull247,Picea.pungens,Plant,E,high,n,109,i.IB,i.IB,S,1,NA,0.909090909,NA,0.024390244,NA,NA,NA,prop S,-1.895486936,NA,NA,NA,NA,NA,NA,1,N
Pearson 1931 USDATechBull247,Pinus.flexilis,Plant,E,low,n,110,i.IB,i.IB,S,1,NA,0.25,NA,0,NA,NA,NA,prop S,-2,NA,NA,NA,NA,NA,NA,1,N
Pearson 1931 USDATechBull247,Pinus.flexilis,Plant,E,high,n,111,i.IB,i.IB,S,1,NA,0.25,NA,0.3,NA,NA,NA,prop S,0.181818182,NA,NA,NA,NA,NA,NA,1,N
Pearson 1931 USDATechBull247,Pinus.aristata,Plant,E,low,n,112,i.IB,i.IB,S,1,NA,0.285714286,NA,0.25,NA,NA,NA,prop S,-0.133333333,NA,NA,NA,NA,NA,NA,1,N
Pearson 1931 USDATechBull247,Pinus.aristata,Plant,E,high,n,113,i.IB,i.IB,S,1,NA,0.285714286,NA,0.25,NA,NA,NA,prop S,-0.133333333,NA,NA,NA,NA,NA,NA,1,N
Flegrova&Krahulec 1999 FoliaGeobotanica,Anthoxanthum.alpinum,Plant,E,low,n,114,i.IB,i.IB,S,1,NA,0.4,NA,0.1875,NA,NA,NA,NA,-0.723404255,NA,NA,NA,NA,NA,NA,0,NA
Flegrova&Krahulec 1999 FoliaGeobotanica,Anthoxanthum.alpinum,Plant,E,low,n,114,i.IB,i.IB,G,1,NA,3.2,NA,1.45,NA,NA,NA,NA,-0.752688172,NA,NA,NA,NA,NA,NA,0,NA
Flegrova&Krahulec 1999 FoliaGeobotanica,Anthoxanthum.alpinum,Plant,E,low,n,114,i.IB,i.IB,R,1,NA,0.335,NA,0.3975,NA,NA,NA,NA,0.170648464,NA,NA,NA,NA,NA,NA,0,NA
Flegrova&Krahulec 1999 FoliaGeobotanica,Anthoxanthum.alpinum,Plant,E,low,n,114,i.IB,i.IB,Ov,1,NA,0.134,NA,0.07453125,NA,NA,NA,NA,-0.57035816,NA,NA,NA,NA,NA,0,1,N
Flegrova&Krahulec 1999 FoliaGeobotanica,Anthoxanthum.odoratum,Plant,E,high,n,115,i.IB,i.IB,S,1,NA,0.875,NA,0.65,NA,NA,NA,NA,-0.295081967,NA,NA,NA,NA,NA,NA,0,NA
Flegrova&Krahulec 1999 FoliaGeobotanica,Anthoxanthum.odoratum,Plant,E,high,n,115,i.IB,i.IB,G,1,NA,4.45,NA,2.8,NA,NA,NA,NA,-0.455172414,NA,NA,NA,NA,NA,NA,0,NA
Flegrova&Krahulec 1999 FoliaGeobotanica,Anthoxanthum.odoratum,Plant,E,high,n,115,i.IB,i.IB,R,1,NA,0.7725,NA,0.439,NA,NA,NA,NA,-0.550557161,NA,NA,NA,NA,NA,NA,0,NA
Flegrova&Krahulec 1999 FoliaGeobotanica,Anthoxanthum.odoratum,Plant,E,high,n,115,i.IB,i.IB,Ov,1,NA,0.6759375,NA,0.28535,NA,NA,NA,NA,-0.812634097,NA,NA,NA,NA,NA,0,1,N
Gauthier etal 1998 NewPhytol,Dactylis.glomerata.ssp.reichenbachii,Plant,E,low,n,22,ie.IEB,ie.IEB,G,1,NA,24,15,25,12,14,16.5,mean tillers/plant,0.040816327,-0.461538462,0.5,0.315789474,-0.153846154,0.163934426,NA,0,NA
Gauthier etal 1998 NewPhytol,Dactylis.glomerata.ssp.glomerata,Plant,E,high,n,23,ie.IEB,ie.IEB,G,1,NA,59,48,15,52,37,15,mean tillers/plant,-1.189189189,-0.205607477,-1.047619048,-1.104477612,0.337078652,-0.846153846,NA,0,NA
Gauthier etal 1998 NewPhytol,Dactylis.glomerata.ssp.reichenbachii,Plant,E,low,n,22,ie.IEB,ie.IEB,R,1,NA,240,55,825,100,100,858,seeds/plant including non flowering plants,1.098591549,-1.254237288,1.75,1.582463466,0,1.582463466,NA,1,N
Gauthier etal 1998 NewPhytol,Dactylis.glomerata.ssp.glomerata,Plant,E,high,n,23,ie.IEB,ie.IEB,R,1,NA,4080,2975,59.0625,1870,6624,112.5,seeds/plant including non flowering plants,-1.942921857,-0.313253012,-1.922134102,-1.773013871,-1.119378385,-1.933199733,NA,1,N
Poll etal 2009 DiversityDistrib,Cirsium.arvense,Plant,E,high,n,99,ie.IEB,ie.IEB,Ov,0,zero at all sites,0,0,0,0,0,0,life stage classification (ie if only vegetative means fitness including R=0),NA,NA,NA,NA,NA,NA,0,0,NA
Poll etal 2009 DiversityDistrib,Cirsium.arvense,Plant,E,high,n,99,ie.IEB,ie.IEB,R,0,zero at all sites,0,0,0,0,0,0,reproduce or not,NA,NA,NA,NA,NA,NA,NA,0,NA
Poll etal 2009 DiversityDistrib,Cirsium.arvense,Plant,E,high,n,99,ie.IEB,ie.IEB,Em,1,NA,27,14.5,1.8,14,5,6,"seedling # - doesn’t say how many seeds were sown, only that it was the same number per elevation for a given spp",-1.75,-0.602409639,-1.558282209,-0.8,0.947368421,0.181818182,NA,1,B
Poll etal 2009 DiversityDistrib,Cirsium.vulgare,Plant,E,high,n,100,ie.IEB,ie.IEB,Ov,0,zero at all sites,0,0,0,0,0,0,life stage classification (ie if only vegetative means fitness including R=0),NA,NA,NA,NA,NA,NA,0,0,NA
Poll etal 2009 DiversityDistrib,Cirsium.vulgare,Plant,E,high,n,100,ie.IEB,ie.IEB,R,0,zero at all sites,0,0,0,0,0,0,reproduce or not,NA,NA,NA,NA,NA,NA,NA,0,NA
Poll etal 2009 DiversityDistrib,Cirsium.vulgare,Plant,E,high,n,100,ie.IEB,ie.IEB,Em,1,NA,55,69,5,47.5,38,20,"seedling # - doesn’t say how many seeds were sown, only that it was the same number per elevation for a given spp",-1.666666667,0.225806452,-1.72972973,-0.814814815,0.222222222,-0.620689655,NA,1,B
Poll etal 2009 DiversityDistrib,Lactuca.serriola,Plant,E,high,n,101,ie.IEB,i.IEB,Em,1,NA,0.675,0.966666667,0.255,NA,NA,NA,prop Em (per 100 seeds sown) (Fig3),-0.903225806,0.355329949,-1.165075034,NA,NA,NA,NA,0,NA
Poll etal 2009 DiversityDistrib,Lactuca.serriola,Plant,E,high,n,101,ie.IEB,i.IEB,R,1,NA,1,0,0,NA,NA,NA,"reproduce or not (I=seed, Edge=flowers no seed, B=no flowers)",-2,-2,NA,NA,NA,NA,NA,0,NA
Poll etal 2009 DiversityDistrib,Lactuca.serriola,Plant,E,high,n,101,ie.IEB,i.IEB,Ov,1,NA,67.5,0,0,NA,NA,NA,Em*R,-2,-2,NA,NA,NA,NA,0,1,B